기존 URL,새 URL,응답코드,사유
http://thivelab.com/*,https://thivelab.com/*,308,HTTPS 강제 (Vercel)
https://thivelab.com/*,https://www.thivelab.com/*,301,대표 호스트(www) 통일 (Vercel 도메인 설정)
https://www.thivelab.com/blog,https://www.thivelab.com/,308,블로그 목록을 홈으로 영구 통합
https://www.thivelab.com/blog/git-refusing-to-merge-unrelated-histories-30%EC%B4%88-%EC%A7%84%EB%8B%A8%EB%B3%B5%EA%B5%AC-%EB%9F%B0%EB%B6%81,https://www.thivelab.com/blog/fatal-refusing-to-merge-unrelated-histories-%ED%95%B4%EA%B2%B0%EB%B2%95-%EB%B3%B5%EB%B6%99-%EB%AA%85%EB%A0%B9%EC%96%B4,308,중복(카니벌라이제이션) 정리 — 유지 글로 통합
https://www.thivelab.com/blog/git-detected-dubious-ownership-%ED%95%B4%EA%B2%B0%EB%B2%95-%EC%9B%90%EC%9D%B8%EB%B3%B5%EA%B5%AC-%EB%9F%B0%EB%B6%81-dockerci,https://www.thivelab.com/blog/git-detected-dubious-ownership-%EC%97%90%EB%9F%AC-%EC%83%81%ED%99%A9%EB%B3%84-5%EB%B6%84-%ED%95%B4%EA%B2%B0-%EA%B0%80%EC%9D%B4%EB%93%9C,308,중복(카니벌라이제이션) 정리 — 유지 글로 통합
https://www.thivelab.com/blog/outofmemoryerror-java-heap-space-30%EC%B4%88-%EC%A7%84%EB%8B%A8%EB%B3%B5%EA%B5%AC-%EB%9F%B0%EB%B6%81jmapmat,https://www.thivelab.com/blog/javalangoutofmemoryerror-java-heap-space-30%EB%B6%84-%EC%A7%84%EB%8B%A8%ED%95%B4%EA%B2%B0-%EA%B0%80%EC%9D%B4%EB%93%9C,308,중복(카니벌라이제이션) 정리 — 유지 글로 통합
https://www.thivelab.com/blog/postgresql-too-many-clients-%EC%9E%A5%EC%95%A0-pgbouncer%EB%A1%9C-5%EB%B6%84-%EB%A7%8C%EC%97%90-%EB%B3%B5%EA%B5%AC%ED%95%98%EA%B3%A0-%EC%9E%AC%EB%B0%9C-%EB%A7%89%EB%8A%94-%EC%99%84%EB%B2%BD-%EA%B0%80%EC%9D%B4%EB%93%9C,https://www.thivelab.com/blog/postgresql-too-many-clients-already-5%EB%B6%84-%EC%A7%84%EB%8B%A8%EB%B6%80%ED%84%B0-pgbouncer-%ED%95%B4%EA%B2%B0%EA%B9%8C%EC%A7%80,308,중복(카니벌라이제이션) 정리 — 유지 글로 통합
https://www.thivelab.com/blog/%EC%B1%97%EB%B4%87%EC%9D%84-%EB%84%98%EC%96%B4-%EC%9E%90%EC%9C%A8-%EC%8B%9C%EC%8A%A4%ED%85%9C%EC%9C%BC%EB%A1%9C-llm-%EA%B8%B0%EB%B0%98-ai-%EC%97%90%EC%9D%B4%EC%A0%84%ED%8A%B8-%EC%99%84%EB%B2%BD-%EA%B0%80%EC%9D%B4%EB%93%9C-%EA%B0%9C%EB%85%90%EB%B6%80%ED%84%B0-%EA%B5%AC%EC%B6%95-%EB%A1%9C%EB%93%9C%EB%A7%B5%EA%B9%8C%EC%A7%80,https://www.thivelab.com/blog/llm-%EC%97%90%EC%9D%B4%EC%A0%84%ED%8A%B8-%EC%99%84%EC%A0%84-%EC%A0%95%EB%B3%B5-%EB%8B%A8%EC%88%9C-%EC%B1%97%EB%B4%87%EC%9D%84-%EB%84%98%EC%96%B4-%EC%9E%90%EC%9C%A8-%EC%9E%91%EC%97%85%EC%9E%90%EB%A1%9C-%EC%A7%84%ED%99%94%ED%95%98%EB%8A%94-%EB%B0%A9%EB%B2%95,308,중복(카니벌라이제이션) 정리 — 유지 글로 통합
https://www.thivelab.com/blog/terraform-error-acquiring-the-state-lock-%ED%95%B4%EA%B2%B0%EB%B2%95-force-unlock-%EC%95%88%EC%A0%84-%EC%82%AC%EC%9A%A9,https://www.thivelab.com/blog/terraform-state-lock-%EC%97%90%EB%9F%AC-%ED%95%B4%EA%B2%B0-force-unlockdynamodb-%EB%9D%BD-%EC%82%AD%EC%A0%9C,308,중복(카니벌라이제이션) 정리 — 유지 글로 통합
https://www.thivelab.com/blog/l4-vs-l7-%EB%A1%9C%EB%93%9C-%EB%B0%B8%EB%9F%B0%EC%84%9C-%EC%84%9C%EB%B9%84%EC%8A%A4-%EC%9A%94%EA%B5%AC%EC%82%AC%ED%95%AD%EC%97%90-%EB%A7%9E%EB%8A%94-%EC%B5%9C%EC%A0%81%EC%9D%98-%ED%8A%B8%EB%9E%98%ED%94%BD-%EB%B6%84%EB%B0%B0%EA%B8%B0-%EC%84%A0%ED%83%9D-%EA%B0%80%EC%9D%B4%EB%93%9C,https://www.thivelab.com/blog/l4-vs-l7-%EB%A1%9C%EB%93%9C-%EB%B0%B8%EB%9F%B0%EC%84%9C-%EB%B9%84%EA%B5%90-msa-%ED%99%98%EA%B2%BD%EB%B3%84-%EC%B5%9C%EC%A0%81-%EC%84%A0%ED%83%9D-%EA%B0%80%EC%9D%B4%EB%93%9C,308,중복(카니벌라이제이션) 정리 — 유지 글로 통합
https://www.thivelab.com/blog/2026-isms-p-%EC%9D%B8%EC%A6%9D-%EC%A4%80%EB%B9%84-%EC%B2%B4%ED%81%AC%EB%A6%AC%EC%8A%A4%ED%8A%B8-%EB%8B%A8%EA%B3%84%EB%B3%84-%EC%A6%9D%EC%A0%81%EC%9D%BC%EC%A0%95%EB%B9%84%EC%9A%A9-%EC%8B%A4%EB%AC%B4-%EA%B0%80%EC%9D%B4%EB%93%9C,https://www.thivelab.com/blog/2026-isms-p-%EC%9D%B8%EC%A6%9D-%EC%A4%80%EB%B9%84-%EC%B2%B4%ED%81%AC%EB%A6%AC%EC%8A%A4%ED%8A%B8-102%EA%B0%9C-%ED%95%AD%EB%AA%A9%EB%B9%88%EC%B6%9C-%EA%B2%B0%ED%95%A8-%EC%8B%A4%EB%AC%B4-%EA%B0%80%EC%9D%B4%EB%93%9C,308,중복(카니벌라이제이션) 정리 — 유지 글로 통합
https://www.thivelab.com/blog/pkix-path-building-failed-%ED%95%B4%EA%B2%B0-java-ssl-%EC%98%A4%EB%A5%98-30%EC%B4%88-%EC%A7%84%EB%8B%A8%ED%91%9Ckeytool,https://www.thivelab.com/blog/pkix-path-building-failed-%ED%95%B4%EA%B2%B0%EB%B2%95-keytool-cacerts-import-5%EB%B6%84-%EA%B0%80%EC%9D%B4%EB%93%9C,308,중복(카니벌라이제이션) 정리 — 유지 글로 통합
https://www.thivelab.com/blog/git-push-non-fast-forward-failed-to-push-%EA%B1%B0%EC%A0%88-%EC%95%88%EC%A0%84%ED%95%98%EA%B2%8C-%ED%95%B4%EA%B2%B0%ED%95%98%EA%B8%B0,https://www.thivelab.com/blog/git-push-%EA%B1%B0%EB%B6%80-non-fast-forward-remote-contains-work-%ED%95%B4%EA%B2%B0%EB%B2%95,308,중복(카니벌라이제이션) 정리 — 유지 글로 통합
https://www.thivelab.com/blog/%EC%8B%AC%EC%B8%B5-%EB%B6%84%EC%84%9D-%EB%8C%80%EA%B7%9C%EB%AA%A8-rag-%EC%8B%9C%EC%8A%A4%ED%85%9C-%EC%84%B1%EB%8A%A5-%EA%B7%B9%EB%8C%80%ED%99%94-%EB%B2%A1%ED%84%B0-db-%EC%B5%9C%EC%A0%81%ED%99%94-%ED%94%84%EB%A0%88%EC%9E%84%EC%9B%8C%ED%81%AC-%EA%B0%80%EC%9D%B4%EB%93%9C,https://www.thivelab.com/blog/%EC%8B%A4%EC%A0%84-%EA%B0%80%EC%9D%B4%EB%93%9C-rag-%EC%84%B1%EB%8A%A5-%EB%B3%91%EB%AA%A9-%EC%A7%80%EC%A0%90-3%EA%B0%80%EC%A7%80-%EC%A7%84%EB%8B%A8-%EB%B0%8F-%EC%9A%B4%EC%98%81-%EB%A0%88%EB%B2%A8-%EC%B5%9C%EC%A0%81%ED%99%94-%EB%A1%9C%EB%93%9C%EB%A7%B5,308,중복(카니벌라이제이션) 정리 — 유지 글로 통합
https://www.thivelab.com/blog/git-permission-denied-publickey-%EC%97%90%EB%9F%AC-%ED%95%B4%EA%B2%B0-ssh-%ED%82%A4%EB%B6%80%ED%84%B0-%EB%8B%A4%EC%A4%91%EA%B3%84%EC%A0%95%EA%B9%8C%EC%A7%80,https://www.thivelab.com/blog/ssh-permission-denied-publickey-%EC%9B%90%EC%9D%B8%ED%95%B4%EA%B2%B0-5%EB%B6%84-%EC%A7%84%EB%8B%A8-ec2,308,중복(카니벌라이제이션) 정리 — 유지 글로 통합
