id,slug,제목,카테고리,색인,공식링크수,커뮤니티수,분류,플래그
"10","기술-구현-전-필독-ai-에이전트-비즈니스-문제-해결을-위한-4단계-도입-로드맵","기술 구현 전 필독: AI 에이전트, 비즈니스 문제 해결을 위한 4단계 도입 로드맵","AI & 자동화","noindex","0","0","무출처",""
"788","postgresql-too-many-clients-already-30초-판정-복구-런북","PostgreSQL too many clients already 30초 판정 복구 런북","인프라","index","0","0","푸터 자동연결만",""
"8","백엔드-개발자를-위한-완벽-가이드-python-nodejs-java-런타임별-성능-및-아키텍처-비교","백엔드 개발자를 위한 완벽 가이드: Python, Node.js, Java 런타임별 성능 및 아키텍처 비교","개발","noindex","0","0","푸터 자동연결만",""
"3","개발자를-위한-llm-선택-가이드-gpt-4o-vs-claude-3-vs-gemini-비용-효율성-비교-분석","개발자를 위한 LLM 선택 가이드: GPT-4o vs. Claude 3 vs. Gemini, 비용 효율성 비교 분석","AI & 자동화","noindex","0","0","푸터 자동연결만",""
"477","chatgpt가-내-마음을-읽게-만드는-5가지-핵심-프롬프트-공식-가이드-초보자용-실전-템플릿","ChatGPT가 내 마음을 읽게 만드는 5가지 핵심 프롬프트 공식 가이드 (초보자용 실전 템플릿)","AI & 자동화","noindex","0","0","푸터 자동연결만",""
"436","기술-seo-검색-엔진의-전문가-인증을-받는-3단계-콘텐츠-권위-구축-전략-가이드","[기술 SEO] 검색 엔진의 '전문가 인증'을 받는 3단계 콘텐츠 권위 구축 전략 가이드","IT 트렌드","noindex","0","0","커뮤니티/기타만",""
"677","chatgpt-성능-2배-올리는-프롬프트-엔지니어링-핵심-원칙-4가지","ChatGPT 성능 2배 올리는 프롬프트 엔지니어링 핵심 원칙 4가지","AI & 자동화","index","0","0","푸터 자동연결만",""
"15","2026년-기업-혁신-가이드-llm-rpa-ai-결합-비즈니스-의사결정-자동화-3단계-로드맵","2026년 기업 혁신 가이드: LLM, RPA, AI 결합으로 비즈니스 의사결정을 자동화하는 3단계 로드맵","AI & 자동화","noindex","0","0","무출처",""
"678","llm으로-콘텐츠-제작-자동화-마케터가-따라하는-5단계-워크플로우","LLM으로 콘텐츠 제작 자동화: 마케터가 따라하는 5단계 워크플로우","AI & 자동화","index","0","0","무출처",""
"18","실전-가이드-스마트-팩토리부터-자율주행까지-시나리오-기반-엣지-컴퓨팅-아키텍처-설계-전략","실전 가이드: 스마트 팩토리부터 자율주행까지, 시나리오 기반 엣지 컴퓨팅 아키텍처 설계 전략","AI & 자동화","noindex","0","0","푸터 자동연결만",""
"88","rag-완전-정복-7편-성능-한계-돌파-구조적-이해를-위한-고급-데이터-청킹-및-메타데이터-전략","성능 한계 돌파: 구조적 이해를 위한 고급 데이터 청킹 및 메타데이터 전략","AI & 자동화","index","0","0","푸터 자동연결만",""
"11","코딩-제로-노코드-툴로-ai를-업무에-통합하는-4단계-자동화-워크플로우","코딩 제로! 노코드 툴로 AI를 업무에 통합하는 4단계 자동화 워크플로우","AI & 자동화","noindex","0","0","무출처",""
"213","기업-취약점-관리-프로그램vmp-구축과-운영-가이드","기업 취약점 관리 프로그램(VMP) 구축과 운영 가이드","보안","index","0","0","푸터 자동연결만","⚠법·금융·보안 1차출처 없음"
"59","poc를-넘어선-llm-에이전트-상용화-로드맵-아키텍처부터-거버넌스까지-완벽-가이드","PoC를 넘어선 LLM 에이전트 상용화 로드맵: 아키텍처부터 거버넌스까지 완벽 가이드","AI & 자동화","noindex","0","0","푸터 자동연결만",""
"159","완벽-가이드-rag-파이프라인-심층-분석-비정형-데이터로-지식-검색-시스템-구축하기","RAG 파이프라인 심층 분석: 비정형 데이터로 지식 검색 시스템 구축하기","AI & 자동화","index","0","0","푸터 자동연결만",""
"27","백엔드-아키텍처-설계-가이드-fastapi-vs-spring-boot-vs-django-상황별-최적-프레임워크-선택법","백엔드 아키텍처 설계 가이드: FastAPI vs Spring Boot vs Django, 상황별 최적 프레임워크 선택법","개발","noindex","0","0","푸터 자동연결만",""
"22","프로젝트-규모별-cicd-툴-선택-가이드-github-actions-vs-gitlab-vs-jenkins-완벽-비교","프로젝트 규모별 CI/CD 툴 선택 가이드: GitHub Actions vs GitLab vs Jenkins 완벽 비교","개발","noindex","0","0","푸터 자동연결만",""
"731","cicd-환경-db-스키마-변경-flyway-vs-liquibase-비교-및-구현-가이드","CI/CD 환경 DB 스키마 변경, Flyway vs Liquibase 비교 및 구현 가이드","AI & 자동화","index","0","0","무출처",""
"224","컨테이너-이미지-보안-빌드부터-런타임까지-완전-강화-가이드","컨테이너 이미지 보안: 빌드부터 런타임까지 완전 강화 가이드","인프라","index","0","0","푸터 자동연결만",""
"219","클라우드-비용-최적화-전략-실전-절감-기법-10가지","클라우드 비용 최적화 전략: 실전 절감 기법 10가지","인프라","index","0","0","푸터 자동연결만",""
"210","공급망-보안supply-chain-security과-sbom-관리-전략","공급망 보안(Supply Chain Security)과 SBOM 관리 전략","보안","index","0","0","푸터 자동연결만","⚠법·금융·보안 1차출처 없음"
"117","단순-poc를-넘어-지속-가능한-엔터프라이즈-ai-플랫폼-아키텍처-설계-로드맵-1n","단순 PoC를 넘어: 지속 가능한 엔터프라이즈 AI 플랫폼 아키텍처 설계 로드맵 (1/N)","AI & 자동화","noindex","0","0","푸터 자동연결만",""
"23","테스트-전략-가이드-주니어미드-개발자를-위한-테스트-유형별-적용-로드맵","테스트 전략 가이드: 주니어/미드 개발자를 위한 테스트 유형별 적용 로드맵","개발","noindex","0","0","무출처",""
"327","llmops-가이드-llm-서비스-프로덕션-환경에서-안정성을-확보하는-테스트-및-모니터링-전략","[LLMOps 가이드] LLM 서비스, 프로덕션 환경에서 안정성을 확보하는 테스트 및 모니터링 전략","AI & 자동화","index","0","0","푸터 자동연결만",""
"423","llm-에이전트로-돈-버는-법-아이디어부터-mvp까지-수익화-모델-5가지-로드맵","LLM 에이전트로 돈 버는 법: 아이디어부터 MVP까지, 수익화 모델 5가지 로드맵","AI & 자동화","index","0","0","무출처",""
"720","chatgpt가-원하는-답변을-안-줄-때-실전-프롬프트-엔지니어링-4단계-공식","ChatGPT가 원하는 답변을 안 줄 때? 실전 프롬프트 엔지니어링 4단계 공식","AI & 자동화","index","0","0","푸터 자동연결만",""
"223","서버리스serverless-아키텍처-실전-도입-가이드","서버리스(Serverless) 아키텍처 실전 도입 가이드","인프라","index","0","0","푸터 자동연결만",""
"637","crontab-실행-안-됨-cron-작업-안-돌아갈-때-원인-7가지5분-진단법","crontab 실행 안 됨? cron 작업 안 돌아갈 때 원인 7가지·5분 진단법","인프라","index","0","0","푸터 자동연결만",""
"24","redux-vs-zustand-vs-jotai-프로젝트-규모별-최적의-상태-관리-패턴-가이드","Redux vs Zustand vs Jotai: 프로젝트 규모별 최적의 상태 관리 패턴 가이드","개발","noindex","0","0","무출처",""
"267","2024년-기업용-ai-아키텍처-설계-가이드-aws-vs-azure-vs-gcp-mlops-플랫폼-완벽-비교","2026년 기업용 AI 아키텍처 설계 가이드: AWS vs Azure vs GCP, MLOps 플랫폼 완벽 비교","AI & 자동화","noindex","0","0","푸터 자동연결만",""
"654","trivy-vs-grype-비교-컨테이너-취약점-스캐너-선택-가이드","Trivy vs Grype 비교: 컨테이너 취약점 스캐너 선택 가이드","툴 리뷰","index","0","0","푸터 자동연결만",""
"212","클라우드-환경-iam-설계-모범-사례-awsazuregcp-비교","클라우드 환경 IAM 설계 모범 사례: AWS·Azure·GCP 비교","보안","index","0","0","푸터 자동연결만","⚠법·금융·보안 1차출처 없음"
"245","필독-llm-에이전트-보안-설계-가이드-prompt-injection부터-안전한-배포까지","LLM 에이전트 보안 설계 가이드: Prompt Injection부터 안전한 배포까지","AI & 자동화","index","0","0","푸터 자동연결만",""
"232","코딩-없이-ai로-비즈니스-혁신하기-비개발자를-위한-ai-도입-전략-로드맵","코딩 없이 AI로 비즈니스 혁신하기: 비개발자를 위한 AI 도입 전략 로드맵","IT 트렌드","index","0","0","무출처",""
"25","개발-생산성-극대화-가이드-ai-코딩-툴-무엇을-선택해야-할까-copilot-vs-llm-api-심층-비교","개발 생산성 극대화 가이드: AI 코딩 툴, 무엇을 선택해야 할까? (Copilot vs. LLM API 심층 비교)","AI & 자동화","index","0","0","무출처",""
"299","ai-seo-시대-생존-가이드-ai-거버넌스와-llm-컴플라이언스로-검색-신뢰-점수-극대화하기","AI SEO 시대 생존 가이드: 'AI 거버넌스'와 'LLM 컴플라이언스'로 검색 신뢰 점수 극대화하기","IT 트렌드","index","0","0","푸터 자동연결만","⚠법·금융·보안 1차출처 없음"
"29","개발자-생산성-극대화-치트키-필수-코드-포맷터부터-ai-도구까지-완벽-가이드","개발자 생산성 극대화 치트키: 필수 코드 포맷터부터 AI 도구까지 완벽 가이드","툴 리뷰","noindex","0","0","무출처",""
"397","llm-에이전트-개발-로드맵-개념부터-배포까지-완벽-가이드-1편","LLM 에이전트 개발 로드맵: 개념부터 배포까지, 완벽 가이드","AI & 자동화","index","0","0","푸터 자동연결만",""
"228","ai-거버넌스-구축-로드맵-규제-리스크를-기회로-바꾸는-기업의-선택","AI 거버넌스 구축 로드맵: 규제 리스크를 기회로 바꾸는 기업의 선택","AI & 자동화","noindex","0","0","푸터 자동연결만","⚠법·금융·보안 1차출처 없음"
"67","rag-series-03-chunking-strategies","청킹 전략의 모든 것 — 문서를 어떻게 쪼갤 것인가","AI & 자동화","index","0","0","푸터 자동연결만",""
"26","클라우드-비용-최적화-가이드-서버리스-vs-쿠버네티스-tco-관점으로-완벽-비교-분석","클라우드 비용 최적화 가이드: 서버리스 vs. 쿠버네티스, TCO 관점으로 완벽 비교 분석","IT 트렌드","noindex","0","0","푸터 자동연결만",""
"206","2025년-랜섬웨어-공격-트렌드와-기업-대응-전략-총정리","2026년 랜섬웨어 공격 트렌드와 기업 대응 전략 총정리","보안","index","0","0","푸터 자동연결만","⚠법·금융·보안 1차출처 없음"
"37","llm-운영의-함정-poc-성공을-넘어-프로덕션-레벨-안정화-모니터링-가이드","LLM 운영의 함정: PoC 성공을 넘어, 프로덕션 레벨 안정화 모니터링 가이드","IT 트렌드","index","0","0","푸터 자동연결만",""
"292","jupyter-notebook에서-프로덕션까지-llm-모델-배포-속도와-비용을-잡는-완벽-가이드","Jupyter Notebook에서 프로덕션까지: LLM 모델 배포, 속도와 비용을 잡는 완벽 가이드","AI & 자동화","noindex","0","0","무출처",""
"5","rag-구현-필수-가이드-벡터-db-pgvector-faiss-나에게-맞는-검색-아키텍처-비교-분석","RAG 구현 필수 가이드: 벡터 DB, PGVector, Faiss, 나에게 맞는 검색 아키텍처 비교 분석","AI & 자동화","index","0","0","푸터 자동연결만",""
"40","클라우드를-넘어-엣지로-온디바이스-llm-배포를-위한-최신-아키텍처-패턴과-기술-스택-심층-분석","클라우드를 넘어 엣지로: 온디바이스 LLM 배포를 위한 최신 아키텍처 패턴과 기술 스택 심층 분석","개발","noindex","0","0","푸터 자동연결만",""
"33","데이터-제품data-product-관점으로-재설계하는-엔터프라이즈-데이터-아키텍처-로드맵","데이터 제품(Data Product) 관점으로 재설계하는 엔터프라이즈 데이터 아키텍처 로드맵","IT 트렌드","noindex","0","0","무출처",""
"665","2026-csap-간편등급-준비-체크리스트-공공-saas-실전-가이드","2026 CSAP 간편등급 준비 체크리스트 — 공공 SaaS 실전 가이드","보안","index","0","0","푸터 자동연결만","⚠법·금융·보안 1차출처 없음"
"162","헬스케어-ai-기술-도입을-넘어-비즈니스-가치를-창출하는-3가지-핵심-전략","헬스케어 AI, 기술 도입을 넘어 '비즈니스 가치'를 창출하는 3가지 핵심 전략","AI & 자동화","noindex","0","0","무출처",""
"48","llm-기반-워크플로우의-신뢰성-확보-saga-패턴과-event-sourcing으로-분산-트랜잭션-문제-해결하기","LLM 기반 워크플로우의 신뢰성 확보: Saga 패턴과 Event Sourcing으로 분산 트랜잭션 문제 해결하기","개발","noindex","0","0","무출처",""
"791","pkix-path-building-failed-suncertpathbuilderexception-30분-해결-런북","PKIX path building failed / SunCertPathBuilderException 30분 해결 런북","개발","index","0","0","푸터 자동연결만",""
"660","llm-서비스-상용-배포-로드맵-llmops-구축부터-모니터링까지-완벽-가이드","LLM 서비스 상용 배포 로드맵: LLMOps 구축부터 모니터링까지 완벽 가이드","AI & 자동화","index","0","0","푸터 자동연결만",""
"20","실패-없는-엣지-ai-배포-가이드-tflite부터-onnx까지-임베디드-환경-최적화-워크플로우","실패 없는 엣지 AI 배포 가이드: TFLite부터 ONNX까지, 임베디드 환경 최적화 워크플로우","AI & 자동화","noindex","0","0","푸터 자동연결만",""
"496","금융-컴플라이언스-리스크-제로화-rag-기반-규제-준수-자동화-시스템-구축-a-to-z-가이드","금융 컴플라이언스 리스크 제로화: RAG 기반 규제 준수 자동화 시스템 구축 A to Z 가이드","AI & 자동화","noindex","0","0","푸터 자동연결만","⚠법·금융·보안 1차출처 없음"
"362","실전-가이드-ai-편향성-검증부터-규제-준수까지-모델-거버넌스-구축-로드맵","AI 편향성 검증부터 규제 준수까지: 모델 거버넌스 구축 로드맵","AI & 자동화","index","0","0","푸터 자동연결만","⚠법·금융·보안 1차출처 없음"
"7","백엔드-아키텍트-필독-비즈니스-요구사항-기반-데이터베이스-선택-의사결정-프레임워크","백엔드 아키텍트 필독: 비즈니스 요구사항 기반 데이터베이스 선택 의사결정 프레임워크","개발","noindex","0","0","푸터 자동연결만",""
"51","webassemblywasm로-온디바이스-ai-구현하기-tflite-vs-onnx-실전-배포-가이드","WebAssembly(Wasm)로 온디바이스 AI 구현하기: TFLite vs ONNX 실전 배포 가이드","IT 트렌드","index","0","0","푸터 자동연결만",""
"31","백엔드-프레임워크-선택-가이드-대규모-트래픽부터-빠른-개발까지-시나리오별-최적의-선택법","백엔드 프레임워크 선택 가이드: 대규모 트래픽부터 빠른 개발까지, 시나리오별 최적의 선택법","개발","index","0","0","푸터 자동연결만",""
"702","개발-문서-신뢰도-100-달성-cli-기반-실전-구조화-및-작성-가이드","개발 문서 신뢰도 100% 달성: CLI 기반 실전 구조화 및 작성 가이드","개발","index","0","0","무출처",""
"71","필독-ai-신뢰성-확보-가이드-모델-드리프트-감지부터-완벽한-감사-추적audit-trail까지-mlops-구축-로드맵","AI 신뢰성 확보 가이드: 모델 드리프트 감지부터 완벽한 감사 추적(Audit Trail)까지 MLOps 구축 로드맵","AI & 자동화","index","0","0","푸터 자동연결만","⚠법·금융·보안 1차출처 없음"
"297","ai-워크로드-배포의-청사진-serverless와-event-driven-아키텍처-완벽-가이드","AI 워크로드 배포의 청사진: Serverless와 Event-Driven 아키텍처 완벽 가이드","IT 트렌드","index","0","0","푸터 자동연결만",""
"231","ai-도입-전-필독서-우리-회사-비효율의-진짜-원인-프로세스-진단하는-3단계-방법론","AI 도입 전 필독서: 우리 회사 비효율의 진짜 원인, '프로세스' 진단하는 3단계 방법론","IT 트렌드","noindex","0","0","무출처",""
"489","chatgpt-100-활용-가이드-초보자도-즉시-써먹는-만능-프롬프트-구조화-공식","ChatGPT 100% 활용 가이드: 초보자도 즉시 써먹는 '만능 프롬프트 구조화 공식'","AI & 자동화","index","0","0","푸터 자동연결만",""
"512","단순-호출을-넘어선-시스템-설계-multi-agent-systemmas-완벽-가이드","단순 호출을 넘어선 시스템 설계: Multi-Agent System(MAS) 완벽 가이드","AI & 자동화","index","0","0","무출처",""
"404","실습-가이드-langchain-chromadb로-나만의-rag-파이프라인-구축하기-llm-환각-극복","[실습 가이드] LangChain & ChromaDB로 나만의 RAG 파이프라인 구축하기 (LLM 환각 극복)","AI & 자동화","index","0","0","푸터 자동연결만",""
"789","pip-externally-managed-environment-에러-해결법-pep-668","pip externally-managed-environment 에러 해결법 (PEP 668)","개발","index","0","0","푸터 자동연결만",""
"165","llm-도입-막연한-기대는-금물-기업-맞춤형-rag-구축부터-roi-측정까지-완벽-로드맵","LLM 도입, 막연한 기대는 금물: 기업 맞춤형 RAG 구축부터 ROI 측정까지 완벽 로드맵","AI & 자동화","index","0","0","푸터 자동연결만",""
"78","llm-에이전트-워크플로우-설계-가이드-langchain-vs-langgraph-vs-semantic-kernel-완벽-비교","LLM 에이전트 워크플로우 설계 가이드: LangChain vs LangGraph vs Semantic Kernel 완벽 비교","AI & 자동화","noindex","0","0","푸터 자동연결만",""
"732","파이썬-의존성-충돌-해결-venv부터-poetry까지-완벽-환경-구축-로드맵","파이썬 의존성 충돌 해결: venv부터 Poetry까지 완벽 환경 구축 로드맵","개발","index","0","0","푸터 자동연결만",""
"521","ai-어디서부터-시작해야-할지-막막한-당신을-위한-완벽-가이드-개념부터-업무-자동화-로드맵까지","AI, 어디서부터 시작해야 할지 막막한 당신을 위한 완벽 가이드: 개념부터 업무 자동화 로드맵까지","AI & 자동화","noindex","0","0","무출처",""
"85","rag-성능-검증의-과학-faithfulness부터-ragas까지-llm-답변의-신뢰도를-측정하는-방법","RAG 성능 검증의 과학: Faithfulness부터 Ragas까지, LLM 답변의 신뢰도를 측정하는 방법","AI & 자동화","index","0","0","푸터 자동연결만",""
"269","ai-ec9790ec9db4eca084ed8ab8-ec8ba0eba2b0ec84b1-eab280eca69d-eab080ec9db4eb939c-2ed8eb8-ec8ba4ed8ca8-eab090eca780ec9980-ec9e90eb8f99-ebb3b5eab5ac-eca084eb9eb5","AI 에이전트 신뢰성 검증 가이드 2편: 실패 감지와 자동 복구 전략","AI & 자동화","index","0","0","무출처",""
"429","rag-시스템-성능-평가-완벽-가이드-faithfulness부터-context-relevancy까지-심층-분석","RAG 시스템 성능 평가 완벽 가이드: Faithfulness부터 Context Relevancy까지 심층 분석","AI & 자동화","noindex","0","0","푸터 자동연결만",""
"96","llm-poc-비용-폭탄-피하는-법-운영-비용inference-cost-최적화-완벽-가이드","LLM PoC 비용 폭탄 피하는 법: 운영 비용(Inference Cost) 최적화 완벽 가이드","AI & 자동화","noindex","0","0","푸터 자동연결만",""
"634","fatal-refusing-to-merge-unrelated-histories-해결법-복붙-명령어","fatal: refusing to merge unrelated histories 해결법 (복붙 명령어)","개발","index","0","0","푸터 자동연결만",""
"68","rag-series-04-ragas-evaluation","RAG 평가 프레임워크 — RAGAS로 성능 측정하기","AI & 자동화","index","0","0","푸터 자동연결만",""
"104","llm-프로젝트-roi-계산법-ai-투자-가치를-수치로-증명하는-방법","LLM 프로젝트 ROI 계산법: AI 투자 가치를 수치로 증명하는 방법","AI & 자동화","index","0","0","무출처",""
"32","jetson-환경에서-llm-초저지연-구현-가이드-onnx-vs-tensorrt-모델-최적화-실습","Jetson 환경에서 LLM 초저지연 구현 가이드: ONNX vs. TensorRT 모델 최적화 실습","AI & 자동화","index","0","0","푸터 자동연결만",""
"97","심화-3편-rag를-넘어-데이터-자체를-제품화하는-data-productization-아키텍처-가이드","[심화 3편] RAG를 넘어: 데이터 자체를 제품화하는 Data Productization 아키텍처 가이드","AI & 자동화","noindex","0","0","푸터 자동연결만",""
"439","jupyter-notebook에서-api까지-llm-배포를-위한-mlopsllmops-완벽-가이드","Jupyter Notebook에서 API까지: LLM 배포를 위한 MLOps/LLMOps 완벽 가이드","AI & 자동화","index","0","0","푸터 자동연결만",""
"701","msa-성능-병목-진단부터-캐싱-전략까지-분산-시스템-최적화-로드맵","MSA 성능 병목 진단부터 캐싱 전략까지: 분산 시스템 최적화 로드맵","인프라","index","0","0","무출처",""
"108","llm-에이전트-신뢰성-확보-가이드-비결정성non-determinism을-제어하는-아키텍처-패턴-3가지","LLM 에이전트 신뢰성 확보 가이드: 비결정성(Non-determinism)을 제어하는 아키텍처 패턴 3가지","AI & 자동화","noindex","0","0","푸터 자동연결만",""
"644","소규모-팀-로그-스택-선택-가이드-loki-vs-elk-비용-및-성능-비교","소규모 팀 로그 스택 선택 가이드: Loki vs ELK, 비용 및 성능 비교","툴 리뷰","index","0","0","푸터 자동연결만",""
"422","엣지-ai-추론-엔진-완전-비교-tflite-vs-onnx-runtime-우리-프로젝트에-맞는-선택은","엣지 AI 추론 엔진 완전 비교: TFLite vs. ONNX Runtime, 우리 프로젝트에 맞는 선택은?","AI & 자동화","index","0","0","푸터 자동연결만",""
"115","llm-운영-비용과-지연-시간-아키텍처로-획기적으로-줄이는-5가지-패턴-1편","LLM 운영 비용과 지연 시간, 아키텍처로 획기적으로 줄이는 5가지 패턴 (1편)","AI & 자동화","noindex","0","0","무출처",""
"624","gradle-could-not-resolve-dependencies-에러-6가지-원인별-해결법","Gradle Could not resolve dependencies 에러 6가지 원인별 해결법","개발","index","0","0","푸터 자동연결만",""
"118","2편-기술을-넘어-조직으로-엔터프라이즈-ai-성공을-위한-거버넌스-및-운영-설계-로드맵","[2편] 기술을 넘어 조직으로: 엔터프라이즈 AI 성공을 위한 거버넌스 및 운영 설계 로드맵","AI & 자동화","index","0","0","무출처",""
"65","rag-series-01-what-is-rag","RAG란 무엇인가 — 검색 증강 생성의 핵심 개념","AI & 자동화","index","0","0","푸터 자동연결만",""
"233","llm-에이전트-완전-정복-단순-챗봇을-넘어-자율-작업자로-진화하는-방법","LLM 에이전트: 단순 챗봇을 넘어 자율 작업자로 진화하는 방법","AI & 자동화","index","0","0","무출처",""
"694","terraform-보안-취약점-gitops와-policy-as-code로-어떻게-방지하나요","Terraform 보안 취약점, GitOps와 Policy as Code로 어떻게 방지하나요?","보안","noindex","0","0","푸터 자동연결만","⚠법·금융·보안 1차출처 없음"
"273","llm-ed9484eba1aced9484ed8ab8-ec9794eca780eb8b88ec96b4eba781-eba788ec8aa4ed84b0-2ed8eb8-cot-tot-react-eab3a0eab889-ed8ca8ed84b4","LLM 프롬프트 엔지니어링 마스터 2편: CoT·ToT·ReAct 고급 패턴","AI & 자동화","index","0","0","무출처",""
"456","필독-글로벌-ai-규제gdpr-ai-act-완벽-대응-기업을-위한-5단계-ai-컴플라이언스-구축-로드맵","글로벌 AI 규제(GDPR, AI Act) 완벽 대응: 기업을 위한 5단계 AI 컴플라이언스 구축 로드맵","AI & 자동화","index","0","0","푸터 자동연결만","⚠법·금융·보안 1차출처 없음"
"133","llm으로-비즈니스-프로세스-혁신하기-실전-자동화-도입-로드맵과-성공-사례-5가지","LLM으로 비즈니스 프로세스 혁신하기: 실전 자동화 도입 로드맵과 성공 사례 5가지","AI & 자동화","index","0","0","푸터 자동연결만",""
"688","쿠버네티스-시크릿-보안-취약점-vault와-csi-driver로-완벽히-관리하는-방법","쿠버네티스 시크릿 보안 취약점, Vault와 CSI Driver로 완벽히 관리하는 방법","인프라","index","0","0","푸터 자동연결만",""
"106","프로덕션-프롬프트-엔지니어링-체계적-설계와-버전-관리","프로덕션 프롬프트 엔지니어링: 체계적 설계와 버전 관리","AI & 자동화","index","0","0","무출처",""
"541","모델-개발을-넘어-서비스-운영까지-mlops-전-생애주기-완벽-마스터-가이드","모델 개발을 넘어 서비스 운영까지: MLOps 전 생애주기 완벽 마스터 가이드","AI & 자동화","noindex","0","0","푸터 자동연결만",""
"738","certbot-renew-실패neterrcertdateinvalid-30분-복구-가이드","certbot renew 실패·NET::ERR_CERT_DATE_INVALID 30분 복구 가이드","인프라","index","0","0","푸터 자동연결만",""
"49","langchain-vs-autogen-vs-crewai-llm-워크플로우-구축-나에게-맞는-최적의-엔진은","LangChain vs AutoGen vs CrewAI: LLM 워크플로우 구축, 나에게 맞는 '최적의 엔진'은?","AI & 자동화","noindex","0","0","푸터 자동연결만",""
"147","llm-에이전트의-두뇌-설계-react-패턴으로-복잡한-추론-워크플로우-마스터하기","LLM 에이전트의 두뇌 설계: ReAct 패턴으로 복잡한 추론 워크플로우 마스터하기","AI & 자동화","index","0","0","무출처",""
"417","필독-llm-서비스-비용-폭탄-피하고-보안까지-잡는-운영-아키텍처-구축-가이드","LLM 서비스, 비용 폭탄 피하고 보안까지 잡는 운영 아키텍처 구축 가이드","AI & 자동화","index","0","0","무출처",""
"648","가명정보-결합-신청-절차-2026-실무-가이드-결합전문기관반출-심사까지","가명정보 결합 신청 절차 2026 실무 가이드: 결합전문기관·반출 심사까지","보안","index","0","0","푸터 자동연결만","⚠법·금융·보안 1차출처 없음"
"158","필독-가이드-프로덕션-llm-시스템-안정화-필수-모니터링-및-observability-구축-전략","[필독 가이드] 프로덕션 LLM 시스템 안정화: 필수 모니터링 및 Observability 구축 전략","AI & 자동화","noindex","0","0","푸터 자동연결만",""
"257","실전-로드맵-llm-api부터-수익화까지-성공적인-ai-서비스-스택-설계-가이드","[실전 로드맵] LLM API부터 수익화까지, 성공적인 AI 서비스 스택 설계 가이드","AI & 자동화","index","0","0","푸터 자동연결만",""
"155","클라우드를-넘어-스마트폰으로-온디바이스-llm-구현을-위한-엣지-ai-완벽-가이드","클라우드를 넘어 스마트폰으로: 온디바이스 LLM 구현을 위한 엣지 AI 완벽 가이드","AI & 자동화","index","0","0","푸터 자동연결만",""
"168","필독-llm-에이전트-보안-취약점-분석-및-기업용-ai-거버넌스-프레임워크-구축-가이드","LLM 에이전트 보안 취약점 분석 및 기업용 AI 거버넌스 프레임워크 구축 가이드","AI & 자동화","index","0","0","푸터 자동연결만",""
"164","ai-도입-실패-비용을-막는-법-기술-스펙-비교를-넘어선-비즈니스-프로세스-재설계-로드맵","AI 도입 실패 비용을 막는 법: 기술 스펙 비교를 넘어선 '비즈니스 프로세스 재설계' 로드맵","AI & 자동화","noindex","0","0","무출처",""
"126","필독-프롬프트-엔지니어링-완전-정복-1편-llm을-원하는-대로-조종하는-5가지-핵심-기법","프롬프트 엔지니어링: LLM을 원하는 대로 조종하는 5가지 핵심 기법","AI & 자동화","noindex","0","0","푸터 자동연결만",""
"28","docker부터-k8s까지-백엔드-개발자가-알아야-할-컨테이너-배포-완벽-가이드","Docker부터 K8s까지: 백엔드 개발자가 알아야 할 컨테이너 배포 완벽 가이드","개발","noindex","0","0","푸터 자동연결만",""
"286","llm-에이전트-단순-작업자를-넘어-비즈니스-오케스트레이터가-되는-원리-1편","LLM 에이전트, 단순 작업자를 넘어 '비즈니스 오케스트레이터'가 되는 원리 (1편)","AI & 자동화","index","0","0","무출처",""
"437","-llm-개발-필수-용어-사전-vllm-rag부터-inference-endpoint까지-완벽-정리-가이드","🚀 LLM 개발 필수 용어 사전: vLLM, RAG부터 Inference Endpoint까지 완벽 정리 가이드","AI & 자동화","index","0","0","푸터 자동연결만",""
"173","필독-단순-질문은-끝-ai를-생각하는-파트너로-만드는-고급-프롬프트-워크플로우-설계-가이드","[필독] 단순 질문은 끝! AI를 '생각하는 파트너'로 만드는 고급 프롬프트 워크플로우 설계 가이드","AI & 자동화","noindex","0","0","무출처",""
"276","llm-ec84b1eb8aa5-ed96a5ec8381-ec8b9ceba6aceca688-3ed8eb8-eb9dbcec9ab0ed8c85-ec9599ec8381ebb894eba19c-ebb984ec9aa9-70-eca088eab090","LLM 성능 향상 시리즈 3편: 라우팅·앙상블로 비용 70% 절감","AI & 자동화","index","0","0","무출처",""
"554","msa-통신-설계-패턴-총정리-api-gateway부터-service-mesh-도입-로드맵","MSA 통신 설계 패턴 총정리: API Gateway부터 Service Mesh 도입 로드맵","개발","index","0","0","푸터 자동연결만",""
"189","성공-사례-ai-챗봇-도입으로-cs-운영-효율-40-개선-roi-중심의-자동화-전략","AI 챗봇 도입으로 CS 운영 효율 40% 개선: ROI 중심의 자동화 전략","AI & 자동화","index","0","0","푸터 자동연결만",""
"690","kubernetes-네트워크-지연-ebpf로-근본-원인-진단하고-성능-최적화하는-완벽-가이드","Kubernetes 네트워크 지연, eBPF로 근본 원인 진단하고 성능 최적화하는 완벽 가이드","인프라","index","0","0","푸터 자동연결만",""
"121","2편-엣지-ai-모델-이렇게-가볍게-만드세요-양자화부터-배포까지-실전-최적화-가이드","[2편] 엣지 AI 모델, 이렇게 가볍게 만드세요: 양자화부터 배포까지 실전 최적화 가이드","AI & 자동화","index","0","0","푸터 자동연결만",""
"198","poc를-넘어-서비스로-llmops-llm을-안정적으로-배포하고-운영하는-완벽-가이드","PoC를 넘어 서비스로: LLMOps, LLM을 안정적으로 배포하고 운영하는 완벽 가이드","AI & 자동화","index","0","0","푸터 자동연결만",""
"196","챗봇을-넘어선-자율-업무-수행자-ai-에이전트의-작동-원리와-실전-구현-로드맵","챗봇을 넘어선 자율 업무 수행자: AI 에이전트의 작동 원리와 실전 구현 로드맵","AI & 자동화","index","0","0","무출처",""
"545","rag의-한계를-넘어서-지식-그래프kg로-llm-에이전트의-추론-능력을-극대화하는-아키텍처-설계-가이드","RAG의 한계를 넘어서: 지식 그래프(KG)로 LLM 에이전트의 추론 능력을 극대화하는 아키텍처 설계 가이드","AI & 자동화","index","0","0","푸터 자동연결만",""
"262","2024년-llm-오케스트레이션-가이드-langchain-vs-llamaindex-vs-semantic-kernel-나에게-맞는-프레임워크는","2026년 LLM 오케스트레이션 가이드: LangChain vs LlamaIndex vs Semantic Kernel, 나에게 맞는 프레임워크는?","AI & 자동화","noindex","0","0","푸터 자동연결만",""
"401","아키텍처-가이드-llm-기반-엔터프라이즈-ai-시스템-프로토타입을-넘어-프로덕션으로-구축하는-청사진","[아키텍처 가이드] LLM 기반 엔터프라이즈 AI 시스템, 프로토타입을 넘어 프로덕션으로 구축하는 청사진","AI & 자동화","index","0","0","푸터 자동연결만",""
"703","mysql-deadlock-found-에러-해결-innodb-status-로그-분석-가이드","MySQL Deadlock found 에러 해결: INNODB STATUS 로그 분석 가이드","개발","index","0","0","푸터 자동연결만",""
"30","분산-시스템-아키텍처-심층-분석-api-gateway-vs-message-queue-패턴-선택-가이드","분산 시스템 아키텍처 심층 분석: API Gateway vs. Message Queue 패턴 선택 가이드","개발","noindex","0","0","푸터 자동연결만",""
"419","llm-api-비용-폭탄-피하기-캐싱-모델-선택-필터링으로-비용-최적화하는-3가지-전략","LLM API 비용 폭탄 피하기: 캐싱, 모델 선택, 필터링으로 비용 최적화하는 3가지 전략","AI & 자동화","index","0","0","무출처",""
"193","-기술-아티클의-정보-과부하-탈출-실무자를-위한-3단계-액션-가이드-도입-제안","기술 아티클의 정보 과부하 탈출: 실무자를 위한 3단계 액션 가이드 도입 제안","개발","noindex","0","0","무출처",""
"683","사내-문서-기반-llm-구축-rag-아키텍처-설계부터-하이브리드-검색-최적화까지","사내 문서 기반 LLM 구축: RAG 아키텍처 설계부터 하이브리드 검색 최적화까지","AI & 자동화","index","0","0","푸터 자동연결만",""
"135","백엔드-개발-언어-전격-비교-python-go-rust-java-나에게-맞는-최적의-스택은","백엔드 개발 언어 전격 비교: Python, Go, Rust, Java, 나에게 맞는 최적의 스택은?","개발","index","0","0","푸터 자동연결만",""
"784","cannot-use-import-statement-outside-a-module-30초-진단표해결-런북","Cannot use import statement outside a module 30초 진단표+해결 런북","개발","index","0","0","푸터 자동연결만",""
"707","llm으로-코딩-생산성-2배-높이는-법-실전-프롬프트-엔지니어링-가이드","LLM으로 코딩 생산성 2배 높이는 법: 실전 프롬프트 엔지니어링 가이드","AI & 자동화","index","0","0","무출처",""
"113","mas-심화-llm-에이전트-신뢰성-확보를-위한-오케스트레이션-패턴-및-통신-프로토콜-설계-가이드","[MAS 심화] LLM 에이전트 신뢰성 확보를 위한 오케스트레이션 패턴 및 통신 프로토콜 설계 가이드","AI & 자동화","index","0","0","무출처",""
"642","spring-boot-기동-실패-unsatisfieddependencyexception-원인-6가지-해결법","Spring Boot 기동 실패 UnsatisfiedDependencyException 원인 6가지 해결법","개발","index","0","0","푸터 자동연결만",""
"458","vllm-vs-tgi-심층-비교-배치-사이즈와-동시-요청에-따른-llm-추론-최적화-완벽-가이드","vLLM vs TGI 심층 비교: 배치 사이즈와 동시 요청에 따른 LLM 추론 최적화 완벽 가이드","AI & 자동화","index","0","0","푸터 자동연결만",""
"709","chatgpt-글쓰기-수준-높이는-5단계-구조화-프롬프트-엔지니어링-가이드","ChatGPT 글쓰기 수준 높이는 5단계 구조화 프롬프트 엔지니어링 가이드","AI & 자동화","noindex","0","0","푸터 자동연결만",""
"221","온프레미스에서-클라우드-마이그레이션-로드맵-단계별-전략-가이드","온프레미스에서 클라우드 마이그레이션 로드맵: 단계별 전략 가이드","인프라","index","0","0","푸터 자동연결만",""
"708","사내-문서-기반-챗봇-환각-없이-정확하게-만드는-rag-구축-3단계-로드맵","사내 문서 기반 챗봇, 환각 없이 정확하게 만드는 RAG 구축 3단계 로드맵","AI & 자동화","index","0","0","푸터 자동연결만",""
"303","트래픽은-높은데-체류-시간이-짧다면-데이터로-콘텐츠-갭을-찾아-성과를-극대화하는-5단계-전략","트래픽은 높은데 체류 시간이 짧다면? 데이터로 '콘텐츠 갭'을 찾아 성과를 극대화하는 5단계 전략","IT 트렌드","noindex","0","0","무출처",""
"459","ai-서비스-최적화-스택-설계-가이드-비용-효율성과-안정성을-동시에-잡는-클라우드-아키텍처-구축법","AI 서비스 최적화 스택 설계 가이드: 비용 효율성과 안정성을 동시에 잡는 클라우드 아키텍처 구축법","인프라","index","0","0","푸터 자동연결만",""
"462","langchainllamaindex-기반-llm-서비스-개발자가-반드시-알아야-할-치명적-보안-취약점-5가지와-방어-가이드","LangChain/LlamaIndex 기반 LLM 서비스, 개발자가 반드시 알아야 할 치명적 보안 취약점 5가지와 방어 가이드","보안","index","0","0","푸터 자동연결만","⚠법·금융·보안 1차출처 없음"
"283","ai-eb8db0ec9db4ed84b0-ec9584ed82a4ed858decb298-eba788ec8aa4ed84b0-eab080ec9db4eb939c-3ed8eb8-eb8db0ec9db4ed84b0-ed9288eca788-ec9e90eb8f99ed9994ec9980-eab1b0ebb284eb848cec8aa4","AI 데이터 아키텍처 마스터 가이드 3편: 데이터 품질 자동화와 거버넌스","AI & 자동화","index","0","0","무출처",""
"461","llm-api-비용-폭탄-피하는-실전-가이드-비용-최적화부터-성능-극대화까지-로드맵","LLM API 비용 폭탄 피하는 실전 가이드: 비용 최적화부터 성능 극대화까지 로드맵","AI & 자동화","index","0","0","푸터 자동연결만",""
"103","fine-tuning-vs-rag-vs-프롬프트-엔지니어링-비용-효율적인-llm-커스터마이징-전략","Fine-tuning vs RAG vs 프롬프트 엔지니어링: 비용 효율적인 LLM 커스터마이징 전략","AI & 자동화","index","0","0","푸터 자동연결만",""
"591","pod-evicted-node-was-low-on-resource-5분-진단해결법","Pod Evicted ""node was low on resource"" 5분 진단·해결법","인프라","index","0","0","푸터 자동연결만",""
"307","poc를-넘어-프로덕션으로-클라우드-환경에서-llm을-안정적으로-서비스화하는-기술-로드맵","PoC를 넘어 프로덕션으로: 클라우드 환경에서 LLM을 안정적으로 서비스화하는 기술 로드맵","AI & 자동화","index","0","0","푸터 자동연결만",""
"522","ai-도입-기술-스택-고민보다-먼저-이것부터-측정하세요-성공-프로젝트-기획-체크리스트와-roi-계산법","AI 도입, 기술 스택 고민보다 먼저 '이것'부터 측정하세요: 성공 프로젝트 기획 체크리스트와 ROI 계산법","AI & 자동화","index","0","0","무출처",""
"305","llm의-지능을-폭발시키는-핵심-벡터-데이터베이스vector-db-완벽-가이드-및-rag-아키텍처-구축-전략","LLM의 지능을 폭발시키는 핵심: 벡터 데이터베이스(Vector DB) 완벽 가이드 및 RAG 아키텍처 구축 전략","AI & 자동화","index","0","0","푸터 자동연결만",""
"156","ai-시대-seo는-끝이-아니다-llm-기반-콘텐츠-전략으로-살아남는-완벽-가이드","AI 시대, SEO는 끝이 아니다: LLM 기반 콘텐츠 전략으로 살아남는 완벽 가이드","IT 트렌드","index","0","0","무출처",""
"266","mlops-가이드-1편-내-노트북을-서비스로-프로덕션-레벨-ml-파이프라인-구축-로드맵","내 노트북을 서비스로: 프로덕션 레벨 ML 파이프라인 구축 로드맵","AI & 자동화","index","0","0","푸터 자동연결만",""
"146","코드-예제-완벽-가이드-langchain-llamaindex로-나만의-rag-시스템-구축하기","[코드 예제 완벽 가이드] LangChain & LlamaIndex로 나만의 RAG 시스템 구축하기","AI & 자동화","index","0","0","푸터 자동연결만",""
"331","개발자-가이드-llm-에이전트-개념을-넘어-아키텍처-설계까지-완벽-마스터하기","[개발자 가이드] LLM 에이전트, 개념을 넘어 아키텍처 설계까지 완벽 마스터하기","AI & 자동화","noindex","0","0","무출처",""
"188","비정형-데이터-검색-최적화-가이드-벡터-db-vs-elasticsearch-나에게-맞는-검색-아키텍처는","비정형 데이터 검색 최적화 가이드: 벡터 DB vs. Elasticsearch, 나에게 맞는 검색 아키텍처는?","AI & 자동화","index","0","0","푸터 자동연결만",""
"16","2026년-rpa-vs-ai-워크플로우-자동화-솔루션-완벽-비교","2026년, 우리 회사에 맞는 RPA vs. AI 워크플로우 자동화 솔루션 완벽 비교","AI & 자동화","index","0","0","무출처",""
"230","실전-가이드-ai-시스템-성능-극대화-병목-지점-진단부터-mlops-최적화-로드맵까지","AI 시스템 성능 극대화: 병목 지점 진단부터 MLOps 최적화 로드맵까지","AI & 자동화","index","0","0","푸터 자동연결만",""
"296","실전-가이드-langchain-crewai로-완성하는-다중-에이전트-시스템mas-구축-및-워크플로우-자동화","LangChain & CrewAI로 완성하는 다중 에이전트 시스템(MAS) 구축 및 워크플로우 자동화","AI & 자동화","index","0","0","푸터 자동연결만",""
"309","필독-기업용-llm-도입-기술보다-중요한-거버넌스-구축-로드맵과-보안-아키텍처-가이드","[필독] 기업용 LLM 도입, 기술보다 중요한 '거버넌스' 구축 로드맵과 보안 아키텍처 가이드","AI & 자동화","noindex","0","0","푸터 자동연결만","⚠법·금융·보안 1차출처 없음"
"747","git-push-거부-non-fast-forward-remote-contains-work-해결법","git push 거부 non-fast-forward 'remote contains work' 해결법","개발","index","0","0","푸터 자동연결만",""
"672","chatgpt-결과물-10배-향상시키는-r-c-t-f-프롬프트-공식-템플릿-가이드","ChatGPT 결과물 10배 향상시키는 R-C-T-F 프롬프트 공식 템플릿 가이드","AI & 자동화","index","0","0","푸터 자동연결만",""
"388","실전-mlops-가이드-모델-배포부터-드리프트-감지까지-ai-모델-운영의-모든-것","[실전 MLOps 가이드] 모델 배포부터 드리프트 감지까지, AI 모델 운영의 모든 것","AI & 자동화","index","0","0","푸터 자동연결만",""
"786","error-1040-too-many-connections-해결-mysql-커넥션-고갈-진단복구-런북","ERROR 1040 Too many connections 해결: MySQL 커넥션 고갈 진단·복구 런북","인프라","index","0","0","푸터 자동연결만",""
"658","단순-프롬프트-한계-극복-llm-기반-자율-에이전트-워크플로우-설계-가이드-react-패턴","단순 프롬프트 한계 극복: LLM 기반 자율 에이전트 워크플로우 설계 가이드 (ReAct 패턴)","AI & 자동화","noindex","0","0","푸터 자동연결만",""
"240","필독-ai-시스템의-최종-방어선-운영-환경을-위한-보안-및-규제-준수-아키텍처-설계-가이드","AI 시스템의 최종 방어선: 운영 환경을 위한 보안 및 규제 준수 아키텍처 설계 가이드","AI & 자동화","index","0","0","푸터 자동연결만","⚠법·금융·보안 1차출처 없음"
"289","llm-환각-현상-완벽-해결-가이드-rag검색-증강-생성-원리부터-실습까지","LLM 환각 현상 완벽 해결 가이드: RAG(검색 증강 생성) 원리부터 실습까지","AI & 자동화","index","0","0","푸터 자동연결만",""
"264","레거시-시스템에-llm-붙이기-재개발-없이-ai-기능을-통합하는-백엔드-아키텍처-가이드","레거시 시스템에 LLM 붙이기: 재개발 없이 AI 기능을 통합하는 백엔드 아키텍처 가이드","AI & 자동화","noindex","0","0","푸터 자동연결만",""
"379","jupyter에서만-잘-돌아가는-ai-탈출-가이드-llm-시스템-성능-검증-방법론-완벽-정리","""Jupyter에서만 잘 돌아가는 AI"" 탈출 가이드: LLM 시스템 성능 검증 방법론 완벽 정리","AI & 자동화","index","0","0","푸터 자동연결만",""
"442","llm과-rpa의-만남-백오피스-업무-자동화-성공을-위한-4단계-실전-로드맵","LLM과 RPA의 만남: 백오피스 업무 자동화, 성공을 위한 4단계 실전 로드맵","AI & 자동화","index","0","0","무출처",""
"457","llm-운영-비용-폭탄-피하는-법-quantization부터-엣지까지-최적-아키텍처-패턴-3종-비교-분석","LLM 운영 비용 폭탄 피하는 법: Quantization부터 엣지까지, 최적 아키텍처 패턴 3종 비교 분석","AI & 자동화","noindex","0","0","무출처",""
"586","쿠버네티스-l4l7-보안-service-mesh와-networkpolicy-조합-가이드","쿠버네티스 L4/L7 보안: Service Mesh와 NetworkPolicy 조합 가이드","인프라","index","0","0","푸터 자동연결만",""
"211","내부자-위협insider-threat-탐지-시스템-구축-방법","내부자 위협(Insider Threat) 탐지 시스템 구축 방법","보안","index","0","0","무출처","⚠법·금융·보안 1차출처 없음"
"385","마스터-가이드-복잡한-ai-에이전트-워크플로우orchestration-설계-및-구현-청사진","[마스터 가이드] 복잡한 AI 에이전트 워크플로우(Orchestration) 설계 및 구현 청사진","AI & 자동화","noindex","0","0","무출처",""
"343","프로토타입을-넘어-프로덕션으로-llm-에이전트의-안정적-배포-및-비용-최적화-devops-가이드","프로토타입을 넘어 프로덕션으로: LLM 에이전트의 안정적 배포 및 비용 최적화 DevOps 가이드","AI & 자동화","index","0","0","푸터 자동연결만",""
"321","rag-완전-정복-1편-llm의-한계를-넘어서-기업-데이터로-똑똑한-ai-챗봇-만드는-로드맵","LLM의 한계를 넘어서, 기업 데이터로 똑똑한 AI 챗봇 만드는 로드맵","AI & 자동화","index","0","0","푸터 자동연결만",""
"625","git-rebase-충돌conflict-해결법-continueabortskip-차이","git rebase 충돌(CONFLICT) 해결법: continue·abort·skip 차이","개발","index","0","0","푸터 자동연결만",""
"317","llm-에이전트의-진화-multi-agent-systemmas-아키텍처-완전-정복-1n","LLM 에이전트의 진화: Multi-Agent System(MAS) 아키텍처","AI & 자동화","index","0","0","무출처",""
"611","spring-boot-url-attribute-is-not-specified-에러-원인-5가지-해결법","Spring Boot 'url attribute is not specified' 에러 원인 5가지 해결법","개발","index","0","0","푸터 자동연결만",""
"328","llmops-가이드-프로토타입을-안정적인-서비스로-만드는-llm-배포-청사진","[LLMOps 가이드] 프로토타입을 안정적인 서비스로 만드는 LLM 배포 청사진","AI & 자동화","noindex","0","0","푸터 자동연결만",""
"323","cobol부터-gpt까지-레거시-시스템과-llm을-연결하는-3단계-아키텍처-패턴-가이드","COBOL부터 GPT까지: 레거시 시스템과 LLM을 연결하는 3단계 아키텍처 패턴 가이드","AI & 자동화","index","0","0","푸터 자동연결만",""
"326","기술-블로그를-매출-파이프라인으로-바꾸는-3단계-리드-전환-전략-가이드","기술 블로그를 '매출 파이프라인'으로 바꾸는 3단계 리드 전환 전략 가이드","IT 트렌드","index","0","0","무출처",""
"741","unicodedecodeerror-utf-8-codec-cant-decode-byte-해결-cp949euc-kr","UnicodeDecodeError 'utf-8' codec can't decode byte 해결 (cp949·euc-kr)","개발","index","0","0","푸터 자동연결만",""
"179","rag-성능-극대화-가이드-캐싱부터-아키텍처-패턴까지-llm-latency와-비용을-잡는-법","RAG 성능 극대화 가이드: 캐싱부터 아키텍처 패턴까지, LLM Latency와 비용을 잡는 법","AI & 자동화","index","0","0","푸터 자동연결만",""
"335","mlops-완벽-가이드-feature-store-기반의-안정적인-ai-서비스-배포-파이프라인-구축-로드맵","[MLOps 완벽 가이드] Feature Store 기반의 안정적인 AI 서비스 배포 파이프라인 구축 로드맵","AI & 자동화","index","0","0","푸터 자동연결만",""
"336","rag-아키텍처-완성-가이드-aws-vs-azure-vs-gcp-벡터-db-심층-비교-및-구축-로드맵","RAG 아키텍처 완성 가이드: AWS vs Azure vs GCP 벡터 DB 심층 비교 및 구축 로드맵","AI & 자동화","noindex","0","0","푸터 자동연결만",""
"333","가이드-ai-기술-블로그-깊이-극대화-llmrag에이전트-검증-콘텐츠-아키텍처-구축-전략","AI 기술 블로그 깊이 극대화: LLM/RAG/에이전트 검증 콘텐츠 아키텍처 구축 전략","IT 트렌드","index","0","0","푸터 자동연결만",""
"346","프롬프트-엔지니어링-이제는-기술이-아닌-비즈니스-스킬이다-실전-가이드","프롬프트 엔지니어링, 이제는 '기술'이 아닌 '비즈니스 스킬'이다: 실전 가이드","AI & 자동화","index","0","0","푸터 자동연결만",""
"86","rag-완전-정복-6편-hipaagdpr-준수-규제-산업을-위한-초안전-rag-보안-아키텍처-가이드","HIPAA/GDPR 준수: 규제 산업을 위한 초안전 RAG 보안 아키텍처 가이드","AI & 자동화","index","0","0","푸터 자동연결만","⚠법·금융·보안 1차출처 없음"
"647","마이크로서비스-통신-복잡성-해결-service-mesh와-sidecar-패턴-완벽-가이드-1편","마이크로서비스 통신 복잡성 해결: Service Mesh와 Sidecar 패턴 완벽 가이드 (1편)","인프라","noindex","0","0","푸터 자동연결만",""
"281","ai-eab1b0ebb284eb848cec8aa4-mlsecops-eba788ec8aa4ed84b0-eab080ec9db4eb939c-3ed8eb8-ci-cd-ebb3b4ec9588-ec9e90eb8f99ed9994ec9980-ed8eb8ed96a5-ed8390eca780","AI 거버넌스 & MLSecOps 마스터 가이드 3편: CI/CD 보안 자동화와 편향 탐지","AI & 자동화","index","0","0","푸터 자동연결만",""
"350","mlops-실전-가이드-모델-드리프트부터-지연-시간-최적화까지-프로덕션-ml-시스템-구축-a-to-z","MLOps 실전 가이드: 모델 드리프트부터 지연 시간 최적화까지, 프로덕션 ML 시스템 구축 A to Z","AI & 자동화","index","0","0","푸터 자동연결만",""
"244","ai-에이전트-poc를-넘어-진짜-자동화로-만드는-5단계-실전-로드맵","AI 에이전트, PoC를 넘어 '진짜 자동화'로 만드는 5단계 실전 로드맵","AI & 자동화","index","0","0","무출처",""
"259","완벽-가이드-검색-상위-노출부터-독자-체류-시간까지-잡는-콘텐츠-최적화-마스터-전략","검색 상위 노출부터 독자 체류 시간까지 잡는 '콘텐츠 최적화' 마스터 전략","IT 트렌드","index","0","0","무출처",""
"34","llm-시대-기업이-반드시-갖춰야-할-ai-거버넌스-5단계-체크리스트-ctocio-필독","LLM 시대, 기업이 반드시 갖춰야 할 AI 거버넌스 5단계 체크리스트 (CTO/CIO 필독)","IT 트렌드","index","0","0","푸터 자동연결만","⚠법·금융·보안 1차출처 없음"
"682","iptables-대체-ebpf로-커널-네트워킹-및-observability-성능-최적화하는-법","iptables 대체? eBPF로 커널 네트워킹 및 Observability 성능 최적화하는 법","인프라","noindex","0","0","무출처",""
"192","llm-도입-poc에서-운영으로-가기-전-필수-점검-엔터프라이즈급-ai-보안-및-거버넌스-가이드","LLM 도입, 'PoC'에서 '운영'으로 가기 전 필수 점검: 엔터프라이즈급 AI 보안 및 거버넌스 가이드","AI & 자동화","index","0","0","푸터 자동연결만",""
"534","llm-추론-속도-획기적으로-높이는-3가지-핵심-최적화-기법-완벽-비교-가이드","LLM 추론 속도 획기적으로 높이는 3가지 핵심 최적화 기법 완벽 비교 가이드","AI & 자동화","index","0","0","무출처",""
"332","llmops-가이드-llm-환각hallucination-검증부터-행동-로직까지-신뢰성-평가-프레임워크-구축하기","[LLMOps 가이드] LLM 환각(Hallucination) 검증부터 행동 로직까지, 신뢰성 평가 프레임워크 구축하기","AI & 자동화","index","0","0","푸터 자동연결만",""
"302","완벽-가이드-기술-아티클-seo-제목부터-내부-링크까지-검색-상위-노출-구조-설계법","기술 아티클 SEO, 제목부터 내부 링크까지 검색 상위 노출 구조 설계법","IT 트렌드","index","0","0","무출처",""
"355","gpt-4-성능-200-끌어올리는-고급-프롬프트-엔지니어링-가이드-cot-rag-심화","GPT-4 성능 200% 끌어올리는 고급 프롬프트 엔지니어링 가이드 (CoT & RAG 심화)","AI & 자동화","index","0","0","푸터 자동연결만",""
"364","클라우드-의존성-탈출-로컬-llm-구축부터-실전-배포까지-완벽-가이드","클라우드 의존성 탈출! 로컬 LLM 구축부터 실전 배포까지 완벽 가이드","AI & 자동화","index","0","0","무출처",""
"370","실전-가이드-산업별-ai-성공실패-사례-분석-이론을-넘어-현업에-적용하는-로드맵","산업별 AI 성공/실패 사례 분석: 이론을 넘어 현업에 적용하는 로드맵","AI & 자동화","index","0","0","푸터 자동연결만",""
"263","-2024년-llm-트렌드-리포트-gpt-5-claude-35-gemini-심층-비교-및-6개월-개발-로드맵","🚀 2026년 LLM 트렌드 리포트: GPT-5, Claude 4, Gemini 심층 비교 및 6개월 개발 로드맵","IT 트렌드","index","0","0","푸터 자동연결만",""
"372","단순-다이어그램은-가라-데이터-흐름과-지연-시간으로-완성하는-고성능-시스템-설계-가이드","단순 다이어그램은 가라: 데이터 흐름과 지연 시간으로 완성하는 고성능 시스템 설계 가이드","개발","noindex","0","0","무출처",""
"380","llm-성능-측정부터-rag-검증까지-ai-시스템-신뢰도를-확보하는-실전-프레임워크-가이드","LLM 성능 측정부터 RAG 검증까지: AI 시스템 신뢰도를 확보하는 실전 프레임워크 가이드","AI & 자동화","index","0","0","푸터 자동연결만",""
"102","llm-모델-선택-가이드-비용-대비-성능으로-최적-모델-찾기","LLM 모델 선택 가이드: 비용 대비 성능으로 최적 모델 찾기","AI & 자동화","index","0","0","푸터 자동연결만",""
"734","csap-인증-2026-가이드-하중상-등급-차이와-신청-절차-총정리","CSAP 인증 2026 가이드: 하·중·상 등급 차이와 신청 절차 총정리","보안","index","0","0","푸터 자동연결만","⚠법·금융·보안 1차출처 없음"
"377","langchain-vs-llamaindex-프로덕션-레벨-에이전트-프레임워크-무엇을-선택해야-할까","LangChain vs LlamaIndex: 프로덕션 레벨 에이전트 프레임워크, 무엇을 선택해야 할까?","AI & 자동화","index","0","0","푸터 자동연결만",""
"17","devops-운영의-고통-끝-prometheus-grafana-datadog-비교-가이드-모니터링-아키텍처-설계","DevOps 운영의 고통 끝! Prometheus, Grafana, Datadog 비교 가이드 (모니터링 아키텍처 설계)","AI & 자동화","index","0","0","푸터 자동연결만",""
"492","생성형-ai-데모를-넘어-실제-수익을-창출하는-3가지-비즈니스-모델-설계-가이드","생성형 AI, 데모를 넘어 실제 수익을 창출하는 3가지 비즈니스 모델 설계 가이드","AI & 자동화","index","0","0","무출처",""
"382","코딩-없이-ai-앱-만들기-langchain으로-나만의-챗봇-구축-가이드-1편","코딩 없이 AI 앱 만들기: LangChain으로 나만의 챗봇 구축 가이드","AI & 자동화","index","0","0","푸터 자동연결만",""
"539","llm-에이전트-신뢰성-검증-완벽-가이드-테스트-케이스-설계부터-평가-지표-구축까지","LLM 에이전트 신뢰성 검증 완벽 가이드: 테스트 케이스 설계부터 평가 지표 구축까지","개발","index","0","0","푸터 자동연결만",""
"222","멀티-클라우드-아키텍처-설계-원칙과-실전-운영-전략","멀티 클라우드 아키텍처 설계 원칙과 실전 운영 전략","인프라","index","0","0","무출처",""
"548","기술-아티클의-깊이를-잃지-않으면서-솔루션을-녹여내는-3단계-콘텐츠-수익화-전략","기술 아티클의 깊이를 잃지 않으면서 솔루션을 녹여내는 3단계 콘텐츠 수익화 전략","IT 트렌드","noindex","0","0","무출처",""
"374","실전-가이드-클라우드를-벗어나라-tflite와-onnx로-엣지-ai-모델-배포하기","[실전 가이드] 클라우드를 벗어나라: TFLite와 ONNX로 엣지 AI 모델 배포하기","AI & 자동화","noindex","0","0","푸터 자동연결만",""
"449","rag-기반-시스템-구축-가이드-검색-엔진-상위-노출시키는-5가지-seo-최적화-전략","RAG 기반 시스템 구축 가이드, 검색 엔진 상위 노출시키는 5가지 SEO 최적화 전략","IT 트렌드","index","0","0","푸터 자동연결만",""
"524","ai-프로젝트-노코드부터-커스텀-개발까지-poc-성공을-위한-최적의-mvp-구축-로드맵","AI 프로젝트, 노코드부터 커스텀 개발까지: PoC 성공을 위한 최적의 MVP 구축 로드맵","AI & 자동화","index","0","0","무출처",""
"391","ai-검색의-비밀-벡터-데이터베이스-비전공자도-5분-만에-이해하는-원리","AI 검색의 비밀: 벡터 데이터베이스, 비전공자도 5분 만에 이해하는 원리","AI & 자동화","noindex","0","0","푸터 자동연결만",""
"395","필독-기술-블로그-완성도-200-높이는-seo-ux-콘텐츠-최적화-가이드","기술 블로그 완성도 200% 높이는 SEO & UX 콘텐츠 최적화 가이드","IT 트렌드","index","0","0","무출처",""
"70","llm-도입-이제-기술을-넘어-리스크-관리의-영역으로-기업을-위한-ai-거버넌스-구축-로드맵","LLM 도입, 이제 '기술'을 넘어 '리스크 관리'의 영역으로: 기업을 위한 AI 거버넌스 구축 로드맵","IT 트렌드","noindex","0","0","푸터 자동연결만",""
"399","poc를-넘어-프로덕션-레벨로-llm-서비스의-비용-성능-보안-3중-검증-가이드","PoC를 넘어 프로덕션 레벨로: LLM 서비스의 비용, 성능, 보안 3중 검증 가이드","AI & 자동화","noindex","0","0","푸터 자동연결만",""
"398","ai-도입-전-필수-체크리스트-기업의-생존을-위한-거버넌스-및-규제-준수-가이드","AI 도입 전 필수 체크리스트: 기업의 생존을 위한 거버넌스 및 규제 준수 가이드","IT 트렌드","index","0","0","푸터 자동연결만","⚠법·금융·보안 1차출처 없음"
"609","eaddrinusebindexception-포트-충돌-해결-os별-pid-종료-명령어","EADDRINUSE·BindException 포트 충돌 해결: OS별 PID 종료 명령어","개발","index","0","0","푸터 자동연결만",""
"402","필독-2024년-ai-거버넌스-체크리스트-윤리-프라이버시-설명가능성xai-완벽-가이드","2024년 AI 거버넌스 체크리스트: 윤리, 프라이버시, 설명가능성(XAI) 완벽 가이드","AI & 자동화","index","0","0","푸터 자동연결만","⚠법·금융·보안 1차출처 없음"
"407","rag-성능-극대화-가이드-하이브리드-검색과-메타데이터-필터링-결합-아키텍처","RAG 성능 극대화 가이드: 하이브리드 검색과 메타데이터 필터링 결합 아키텍처","AI & 자동화","index","0","0","푸터 자동연결만",""
"657","isms-p-인증-준비-심사에서-가장-많이-걸리는-결함-7가지와-체크리스트","ISMS-P 인증 준비, 심사에서 가장 많이 걸리는 결함 7가지와 체크리스트","보안","index","0","0","푸터 자동연결만","⚠법·금융·보안 1차출처 없음"
"792","전자금융감독규정-클라우드망분리-실무-준비-가이드중요도평가보고기한","전자금융감독규정 클라우드·망분리 실무 준비 가이드(중요도평가·보고기한)","보안","index","0","0","푸터 자동연결만","⚠법·금융·보안 1차출처 없음"
"356","ai-거버넌스-이론을-넘어-산업별-규제-비교-분석까지-글로벌-컴플라이언스-로드맵","AI 거버넌스, 이론을 넘어 산업별 규제 비교 분석까지: 글로벌 컴플라이언스 로드맵","AI & 자동화","noindex","0","0","푸터 자동연결만","⚠법·금융·보안 1차출처 없음"
"413","실전-가이드-산업별-ai-도입-성공실패-사례로-배우는-비즈니스-적용-로드맵","산업별 AI 도입 성공/실패 사례로 배우는 비즈니스 적용 로드맵","AI & 자동화","index","0","0","무출처",""
"508","코딩-없이-업무-자동화-끝-비개발자를-위한-llm-활용-실전-가이드-프롬프트부터-워크플로우까지","코딩 없이 업무 자동화 끝! 비개발자를 위한 LLM 활용 실전 가이드 (프롬프트부터 워크플로우까지)","AI & 자동화","noindex","0","0","무출처",""
"225","mlsecops-2편-규제-준수와-책임성을-위한-ai-거버넌스-프레임워크-구축-전략","[MLSecOps 2편] 규제 준수와 책임성을 위한 AI 거버넌스 프레임워크 구축 전략","AI & 자동화","index","0","0","푸터 자동연결만","⚠법·금융·보안 1차출처 없음"
"414","심층-분석-ai-에이전트-성능-병목-진단-langchain-vs-autogen-운영-환경-최적화-아키텍처-가이드","[심층 분석] AI 에이전트 성능 병목 진단: LangChain vs AutoGen, 운영 환경 최적화 아키텍처 가이드","AI & 자동화","index","0","0","푸터 자동연결만",""
"265","2024-ai-개발-필수-가이드-llm-보안부터-python-최적화까지-실전-취약점-점검-체크리스트","2024 AI 개발 필수 가이드: LLM 보안부터 Python 최적화까지, 실전 취약점 점검 체크리스트","AI & 자동화","index","0","0","푸터 자동연결만",""
"509","llm-프로토타입을-서비스로-프로덕션-배포를-위한-완벽-아키텍처-설계-가이드-observability-security-포함","LLM 프로토타입을 서비스로? 프로덕션 배포를 위한 완벽 아키텍처 설계 가이드 (Observability, Security 포함)","인프라","index","0","0","푸터 자동연결만",""
"691","restic-vs-borgbackup-vs-rclone-리눅스-서버-백업-도구-상황별-완벽-비교-가이드","restic vs BorgBackup vs rclone: 리눅스 서버 백업 도구, 상황별 완벽 비교 가이드","툴 리뷰","index","0","0","푸터 자동연결만",""
"659","llm-실무-적용-로드맵-rag부터-에이전트-워크플로우까지-구축-가이드","LLM 실무 적용 로드맵: RAG부터 에이전트 워크플로우까지 구축 가이드","AI & 자동화","index","0","0","푸터 자동연결만",""
"418","gitops-원칙으로-완성하는-llm-애플리케이션의-프롬프트-버전-관리-완벽-가이드","GitOps 원칙으로 완성하는 LLM 애플리케이션의 '프롬프트 버전 관리' 완벽 가이드","AI & 자동화","index","0","0","푸터 자동연결만",""
"420","엣지-llm-구동의-핵심-모델-경량화quantization-pruning-심층-가이드","엣지 LLM 구동의 핵심: 모델 경량화(Quantization & Pruning) 심층 가이드","AI & 자동화","index","0","0","무출처",""
"287","bpmn-기반-ai-에이전트-워크플로우-설계-신뢰성-높은-엔터프라이즈-오케스트레이션-로드맵","BPMN 기반 AI 에이전트 워크플로우 설계: 신뢰성 높은 엔터프라이즈 오케스트레이션 로드맵","AI & 자동화","index","0","0","무출처",""
"120","1편-산업-현장의-심장과-ai를-잇는-법-ai-ot-게이트웨이-설계-방법론-완벽-가이드","[1편] 산업 현장의 심장과 AI를 잇는 법: AI-OT 게이트웨이 설계 방법론 완벽 가이드","AI & 자동화","index","0","0","푸터 자동연결만",""
"526","llm-서비스-운영의-완성-성능-저하-비용-폭증을-막는-observability-아키텍처-구축-가이드","LLM 서비스 운영의 완성: 성능 저하, 비용 폭증을 막는 Observability 아키텍처 구축 가이드","AI & 자동화","noindex","0","0","푸터 자동연결만",""
"454","완벽-가이드-클라우드-네이티브-아키텍처-설계-devops와-최신-개발-방법론으로-완성하기","[완벽 가이드] 클라우드 네이티브 아키텍처 설계: DevOps와 최신 개발 방법론으로 완성하기","IT 트렌드","noindex","0","0","무출처",""
"274","llm-ed9484eba1aced9484ed8ab8-ec9794eca780eb8b88ec96b4eba781-eba788ec8aa4ed84b0-3ed8eb8-ebb284eca084-eab480eba6acec9980-a-b-ed858cec8aa4ed8ab8-ec9ab4ec9881","LLM 프롬프트 엔지니어링 마스터 3편: 버전 관리와 A/B 테스트 운영","AI & 자동화","index","0","0","무출처",""
"314","llm을-넘어선-자동화-신뢰성-높은-비즈니스-워크플로우-오케스트레이션-아키텍처-가이드-1편","LLM을 넘어선 자동화: 신뢰성 높은 비즈니스 워크플로우 오케스트레이션 아키텍처 가이드","AI & 자동화","index","0","0","무출처",""
"315","llmops-가이드-1n-프로덕션-환경에서-llm-에이전트rag-시스템을-지키는-아키텍처-설계법","[LLMOps 가이드 1/N] 프로덕션 환경에서 LLM 에이전트/RAG 시스템을 지키는 아키텍처 설계법","AI & 자동화","index","0","0","푸터 자동연결만",""
"19","개발자-필독-ai-코딩-어시스턴트-copilot-vs-gpt-4-무엇이-진짜-생산성을-높일까-실전-비교-리뷰","개발자 필독: AI 코딩 어시스턴트, Copilot vs GPT-4, 무엇이 진짜 생산성을 높일까? (실전 비교 리뷰)","AI & 자동화","noindex","0","0","푸터 자동연결만",""
"349","llm-도입-기술-성능만-믿으면-안-되는-이유-기업이-반드시-알아야-할-ai-리스크-관리-가이드","LLM 도입, 기술 성능만 믿으면 안 되는 이유: 기업이 반드시 알아야 할 AI 리스크 관리 가이드","AI & 자동화","noindex","0","0","푸터 자동연결만",""
"66","rag-series-02-vector-db-guide","벡터 데이터베이스 선택 가이드 — Pinecone vs Weaviate vs pgvector","AI & 자동화","index","0","0","푸터 자동연결만",""
"400","2024년-llm-모델-선택-가이드-gpt-4o부터-claude-35까지-산업별-최적-ai-엔진-고르는-법","2024년 LLM 모델 선택 가이드: GPT-4o부터 Claude 3.5까지, 산업별 최적 AI 엔진 고르는 법","IT 트렌드","index","0","0","푸터 자동연결만",""
"95","llmops-심화-rag의-심장부를-설계하다-데이터-거버넌스-기반-llm-데이터-파이프라인-구축-방법론","[LLMOps 심화] RAG의 심장부를 설계하다: 데이터 거버넌스 기반 LLM 데이터 파이프라인 구축 방법론","AI & 자동화","index","0","0","푸터 자동연결만",""
"256","llm-성능-측정부터-비용-최적화까지-엔지니어가-알아야-할-실전-평가-프레임워크","LLM 성능 측정부터 비용 최적화까지: 엔지니어가 알아야 할 실전 평가 프레임워크","AI & 자동화","index","0","0","푸터 자동연결만",""
"288","ai-에이전트-간의-수작업-핸드오프를-끝내라-워크플로우-오케스트레이션-완벽-가이드","AI 에이전트 간의 '수작업 핸드오프'를 끝내라: 워크플로우 오케스트레이션 완벽 가이드","AI & 자동화","noindex","0","0","무출처",""
"655","git-detected-dubious-ownership-에러-상황별-5분-해결-가이드","git 'detected dubious ownership' 에러 상황별 5분 해결 가이드","개발","index","0","0","푸터 자동연결만",""
"689","쿠버네티스-네트워크-지연-cni-오버헤드부터-ebpf까지-근본-원인-진단-가이드","쿠버네티스 네트워크 지연, CNI 오버헤드부터 eBPF까지 근본 원인 진단 가이드","인프라","index","0","0","푸터 자동연결만",""
"21","mlops-실전-가이드-모델-버전-관리부터-프로덕션-배포까지-최고의-툴-스택-비교-분석","MLOps 실전 가이드: 모델 버전 관리부터 프로덕션 배포까지, 최고의 툴 스택 비교 분석","AI & 자동화","index","0","0","푸터 자동연결만",""
"177","part-1-대규모-ai-시스템의-심장-아키텍트가-알아야-할-벡터-데이터베이스-선정-및-최적화-가이드","[Part 1] 대규모 AI 시스템의 심장: 아키텍트가 알아야 할 벡터 데이터베이스 선정 및 최적화 가이드","AI & 자동화","index","0","0","푸터 자동연결만",""
"325","llm-서비스의-현실적-장벽-비용과-속도-문제-모델-경량화로-해결하는-방법-13","LLM 서비스의 현실적 장벽: 비용과 속도 문제, 모델 경량화로 해결하는 방법","AI & 자동화","noindex","0","0","무출처",""
"94","llmops-실전-rag-시스템을-프로젝트가-아닌-서비스로-만드는-운영-가이드-데이터-드리프트-보안-완벽-대응","[LLMOps 실전] RAG 시스템을 '프로젝트'가 아닌 '서비스'로 만드는 운영 가이드 (데이터 드리프트, 보안 완벽 대응)","AI & 자동화","index","0","0","푸터 자동연결만",""
"312","llm-시대의-데이터-병목-해소-data-mesh-기반-엔터프라이즈-데이터-통합-아키텍처-로드맵-1편","LLM 시대의 데이터 병목 해소: Data Mesh 기반 엔터프라이즈 데이터 통합 아키텍처 로드맵","AI & 자동화","index","0","0","무출처",""
"745","jsondecodeerror-expecting-value-line-1-column-1-char-0-원인과-해결","JSONDecodeError Expecting value line 1 column 1 (char 0) 원인과 해결","개발","index","0","0","푸터 자동연결만",""
"128","엔터프라이즈-ai-레거시-시스템에-녹여내기-안정적인-ai-시스템-통합-아키텍처-패턴-가이드-1n","엔터프라이즈 AI, 레거시 시스템에 녹여내기: 안정적인 AI 시스템 통합 아키텍처 패턴 가이드 (1/N)","AI & 자동화","index","0","0","무출처",""
"638","fail2ban이-ip-차단-안-할-때-status-0-banned-5분-진단-가이드","fail2ban이 IP 차단 안 할 때: status 0 banned 5분 진단 가이드","보안","index","0","0","푸터 자동연결만","⚠법·금융·보안 1차출처 없음"
"334","실전-가이드-ai-모델-평가-정확도를-넘어-비즈니스-가치로-증명하는-평가-프레임워크-구축-로드맵","AI 모델 평가, 정확도를 넘어 비즈니스 가치로 증명하는 평가 프레임워크 구축 로드맵","AI & 자동화","index","0","0","푸터 자동연결만",""
"227","규제-준수를-넘어-신뢰를-구축하는-법-기업을-위한-ai-거버넌스-프레임워크-구축-가이드","규제 준수를 넘어 신뢰를 구축하는 법: 기업을 위한 AI 거버넌스 프레임워크 구축 가이드","AI & 자동화","index","0","0","푸터 자동연결만","⚠법·금융·보안 1차출처 없음"
"277","enterprise-ai-architecture-blueprint-2ed8eb8-ebb3b4ec9588-ec9584ed82a4ed858decb298ec9980-eb8db0ec9db4ed84b0-ebb684eba598","Enterprise AI Architecture Blueprint 2편: 보안 아키텍처와 데이터 분류","AI & 자동화","index","0","0","푸터 자동연결만","⚠법·금융·보안 1차출처 없음"
"304","코딩-없이-비즈니스를-혁신하는-법-산업별-ai-자동화-성공-사례와-실전-로드맵","코딩 없이 비즈니스를 혁신하는 법: 산업별 AI 자동화 성공 사례와 실전 로드맵","IT 트렌드","noindex","0","0","무출처",""
"408","비용-폭탄-피하기-기업을-위한-llm-도입의-현실적이고-비용-효율적인-3단계-로드맵","비용 폭탄 피하기: 기업을 위한 LLM 도입의 현실적이고 비용 효율적인 3단계 로드맵","AI & 자동화","index","0","0","무출처",""
"697","트랜잭션-격리-수준과-낙관적비관적-락-재고-동시성-방어-가이드","트랜잭션 격리 수준과 낙관적·비관적 락: 재고 동시성 방어 가이드","개발","index","0","0","무출처",""
"84","rag-성능의-진짜-열쇠-데이터-거버넌스부터-데이터-제품까지-기업-데이터-준비-로드맵","RAG 성능의 진짜 열쇠: 데이터 거버넌스부터 데이터 제품까지, 기업 데이터 준비 로드맵","IT 트렌드","noindex","0","0","푸터 자동연결만",""
"249","llm-기반-ai-시스템의-치명적-오류-상태-관리-실패가-부르는-5가지-아키텍처-함정","LLM 기반 AI 시스템의 치명적 오류: '상태 관리' 실패가 부르는 5가지 아키텍처 함정","AI & 자동화","noindex","0","0","무출처",""
"680","에러-로그-분석-3단계-프로세스-디버깅-속도를-3배-높이는-실전-가이드","에러 로그 분석 3단계 프로세스: 디버깅 속도를 3배 높이는 실전 가이드","개발","index","0","0","무출처",""
"270","ai-ec9790ec9db4eca084ed8ab8-ec8ba0eba2b0ec84b1-eab280eca69d-eab080ec9db4eb939c-3ed8eb8-ed9484eba19ceb8d95ec8598-ebaaa8eb8b88ed84b0eba781eab3bc-sla-eab480eba6ac","AI 에이전트 신뢰성 검증 가이드 3편: 프로덕션 모니터링과 SLA 관리","AI & 자동화","index","0","0","무출처",""
"47","jupyter-notebook을-넘어-시니어-엔지니어를-위한-mlops-완벽-구축-가이드-cicd부터-drift-감지까지","Jupyter Notebook을 넘어: 시니어 엔지니어를 위한 MLOps 완벽 구축 가이드 (CI/CD부터 Drift 감지까지)","AI & 자동화","index","0","0","푸터 자동연결만",""
"453","완벽-가이드-초보자를-위한-cicd-파이프라인-구축-로드맵-devops-입문","[완벽 가이드] 초보자를 위한 CI/CD 파이프라인 구축 로드맵 (DevOps 입문)","개발","noindex","0","0","무출처",""
"716","l4-vs-l7-로드-밸런서-비교-msa-환경별-최적-선택-가이드","L4 vs L7 로드 밸런서 비교: MSA 환경별 최적 선택 가이드","인프라","index","0","0","무출처",""
"653","helm-another-operation-in-progress-에러-해결법-pending-락","Helm ""another operation in progress"" 에러 해결법 (pending 락)","인프라","index","0","0","푸터 자동연결만",""
"671","코딩-없이-업무-자동화하는-법-직장인-필수-노코드-툴-3가지-비교-및-활용-가이드","코딩 없이 업무 자동화하는 법: 직장인 필수 노코드 툴 3가지 비교 및 활용 가이드","AI & 자동화","noindex","0","0","무출처",""
"515","llm-에이전트의-자율-추론-마스터-function-calling-원리부터-복합-워크플로우-설계까지","LLM 에이전트의 자율 추론 마스터: Function Calling 원리부터 복합 워크플로우 설계까지","AI & 자동화","index","0","0","무출처",""
"516","llm-에이전트의-기억-상실을-막는-아키텍처-설계-장기-기억ltm-구현-심화-가이드","LLM 에이전트의 '기억 상실'을 막는 아키텍처 설계: 장기 기억(LTM) 구현 심화 가이드","AI & 자동화","index","0","0","무출처",""
"255","poc를-넘어-프로덕션으로-rag-시스템의-지연-시간latency-최적화-심층-가이드","PoC를 넘어 프로덕션으로: RAG 시스템의 지연 시간(Latency) 최적화 심층 가이드","AI & 자동화","index","0","0","푸터 자동연결만",""
"235","llmops-심화-드리프트부터-성능-저하까지-llm-프로덕션-모니터링-완벽-아키텍처-가이드","[LLMOps 심화] 드리프트부터 성능 저하까지, LLM 프로덕션 모니터링 완벽 아키텍처 가이드","AI & 자동화","noindex","0","0","푸터 자동연결만",""
"529","llm-에이전트-배포-가이드-프롬프트-인젝션부터-시스템-통합까지-방어적-아키텍처-설계-완벽-가이드","LLM 에이전트 배포 가이드: 프롬프트 인젝션부터 시스템 통합까지, 방어적 아키텍처 설계 완벽 가이드","보안","index","0","0","무출처","⚠법·금융·보안 1차출처 없음"
"527","llm-에이전트-신뢰성-검증-완벽-가이드-rag부터-복합-태스크-벤치마킹까지","LLM 에이전트 신뢰성 검증 완벽 가이드: RAG부터 복합 태스크 벤치마킹까지","AI & 자동화","noindex","0","0","푸터 자동연결만",""
"525","poc를-넘어-엔터프라이즈-ai로-mlops-기반-모델-안정화-및-거버넌스-구축-완벽-가이드","PoC를 넘어 엔터프라이즈 AI로: MLOps 기반 모델 안정화 및 거버넌스 구축 완벽 가이드","인프라","index","0","0","푸터 자동연결만",""
"555","클라우드-아키텍처-설계-오류-방지-체크리스트-zero-trust부터-finops까지","클라우드 아키텍처 설계 오류 방지 체크리스트: Zero Trust부터 FinOps까지","인프라","index","0","0","무출처",""
"561","msa-분산-트랜잭션-saga-패턴-vs-이벤트-소싱es-선택-가이드","MSA 분산 트랜잭션, SAGA 패턴 vs 이벤트 소싱(ES) 선택 가이드","인프라","noindex","0","0","무출처",""
"98","llm-응답-속도-혁신-가이드-스트리밍과-캐싱으로-체감-지연-시간을-줄이는-아키텍처-설계법","LLM 응답 속도 혁신 가이드: 스트리밍과 캐싱으로 체감 지연 시간을 줄이는 아키텍처 설계법","AI & 자동화","index","0","0","무출처",""
"532","기술-블로그의-가독성을-혁신하다-코드-실시간-실행-환경live-playground-도입-완벽-가이드","기술 블로그의 가독성을 혁신하다: 코드 실시간 실행 환경(Live Playground) 도입 완벽 가이드","툴 리뷰","noindex","0","0","무출처",""
"531","rag-시스템의-치명적-보안-위협-완벽-방어-llm-guardrails-아키텍처-구축-가이드","RAG 시스템의 치명적 보안 위협 완벽 방어: LLM Guardrails 아키텍처 구축 가이드","보안","noindex","0","0","푸터 자동연결만","⚠법·금융·보안 1차출처 없음"
"284","1편-llm-api-비용-폭탄-막기-3단계-비용-최적화-아키텍처-패턴-마스터-가이드","[1편] LLM API 비용 폭탄 막기: 3단계 비용 최적화 아키텍처 패턴 마스터 가이드","AI & 자동화","index","0","0","무출처",""
"686","클라우드-보안-취약점-방지-iam-secrets-iac를-코드로-막는-실전-devsecops-가이드","클라우드 보안 취약점 방지: IAM, Secrets, IaC를 코드로 막는 실전 DevSecOps 가이드","보안","index","0","0","푸터 자동연결만",""
"268","ec97a3eca780-ai-ebb0b0ed8fac-eba788ec8aa4ed84b0-eab080ec9db4eb939c-1ed8eb8-ebaaa8eb8db8-eab2bdeb9f89ed9994ec9980-ec98a8eb9494ebb094ec9db4ec8aa4-ecb694eba1a0","엣지 AI 배포 마스터 가이드 1편: 모델 경량화와 온디바이스 추론","AI & 자동화","index","0","0","푸터 자동연결만",""
"537","llm-에이전트가-로봇과-설비를-직접-제어하는-아키텍처-설계-가이드-디지털-트윈-기반-aiot","LLM 에이전트가 로봇과 설비를 직접 제어하는 아키텍처 설계 가이드: 디지털 트윈 기반 AIoT","AI & 자동화","noindex","0","0","무출처",""
"538","llm-ai-에이전트-신뢰성을-검증하는-실전-테스트-방법론-완벽-가이드","LLM AI 에이전트, 신뢰성을 검증하는 실전 테스트 방법론 완벽 가이드","AI & 자동화","noindex","0","0","무출처",""
"535","poc를-넘어-프로덕션으로-llm-에이전트-배포-시-비용-폭증과-레이턴시를-잡는-아키텍처-가이드","PoC를 넘어 프로덕션으로: LLM 에이전트 배포 시 비용 폭증과 레이턴시를 잡는 아키텍처 가이드","AI & 자동화","index","0","0","푸터 자동연결만",""
"540","ai-에이전트-신뢰성-확보-환각-방지부터-예외-처리까지-실전-python-코드-가이드","AI 에이전트 신뢰성 확보: 환각 방지부터 예외 처리까지, 실전 Python 코드 가이드","AI & 자동화","index","0","0","푸터 자동연결만",""
"536","llm-서비스-배포-비용-폭탄-막는-법-ai-tco총-소유-비용-최적화-마스터-가이드","LLM 서비스 배포, 비용 폭탄 막는 법: AI TCO(총 소유 비용) 최적화 마스터 가이드","인프라","noindex","0","0","무출처",""
"101","llm-에이전트-평가와-디버깅-비결정적-시스템의-신뢰성-확보-전략","LLM 에이전트 평가와 디버깅: 비결정적 시스템의 신뢰성 확보 전략","AI & 자동화","index","0","0","무출처",""
"543","코드를-넘어-구조까지-보여주기-개발자-눈높이에-맞는-기술-블로그-작성-a-to-z","코드를 넘어 구조까지 보여주기: 개발자 눈높이에 맞는 기술 블로그 작성 A to Z","개발","index","0","0","무출처",""
"549","마이크로서비스-통신-복잡성-종결-서비스-메시service-mesh-아키텍처-완벽-가이드","마이크로서비스 통신 복잡성 종결: 서비스 메시(Service Mesh) 아키텍처 완벽 가이드","인프라","index","0","0","푸터 자동연결만",""
"542","모델-성능-저하-방지-mlops-기반-데이터개념-드리프트-감지-및-자동-재학습-파이프라인-구축-가이드","모델 성능 저하 방지: MLOps 기반 데이터/개념 드리프트 감지 및 자동 재학습 파이프라인 구축 가이드","AI & 자동화","index","0","0","푸터 자동연결만",""
"513","복잡한-태스크를-위한-설계-원칙-에이전트-위임delegation-패턴으로-자율-시스템-구축하기","복잡한 태스크를 위한 설계 원칙: 에이전트 위임(Delegation) 패턴으로 자율 시스템 구축하기","AI & 자동화","noindex","0","0","무출처",""
"679","서비스-장애-시-dns-문제-해결-가이드-10단계-실전-트러블슈팅-체크리스트","서비스 장애 시 DNS 문제 해결 가이드: 10단계 실전 트러블슈팅 체크리스트","인프라","index","0","0","무출처",""
"556","주니어-개발자-포트폴리오-시스템-설계자로-업그레이드하는-devops-로드맵","주니어 개발자 포트폴리오, '시스템 설계자'로 업그레이드하는 DevOps 로드맵","인프라","index","0","0","무출처",""
"557","실습-중심-기술-튜토리얼-작성법-독자가-직접-따라-하는-콘텐츠-가이드","실습 중심 기술 튜토리얼 작성법: 독자가 직접 따라 하는 콘텐츠 가이드","AI & 자동화","index","0","0","커뮤니티/기타만",""
"359","프롬프트를-넘어선-설계-프로덕션-레벨-자율-에이전트-워크플로우-설계-심화-가이드","프롬프트를 넘어선 설계: 프로덕션 레벨 자율 에이전트 워크플로우 설계 심화 가이드","AI & 자동화","index","0","0","무출처",""
"282","llm-ec9790ec9db4eca084ed8ab8-ec8baced9994-eba788ec8aa4ed84b0-eab080ec9db4eb939c-3ed8eb8-ed8f89eab080-ed9484eba088ec9e84ec9b8ced81acec9980-eba980ed8bb0-ec9790ec9db4eca084ed8ab8-ec9ab4ec9881","LLM 에이전트 심화 마스터 가이드 3편: 평가 프레임워크와 멀티 에이전트 운영","AI & 자동화","index","0","0","무출처",""
"250","개발자-필독-core-web-vitals-기반-웹사이트-속도-2배-높이는-기술-최적화-로드맵","[개발자 필독] Core Web Vitals 기반 웹사이트 속도 2배 높이는 기술 최적화 로드맵","개발","index","0","0","푸터 자동연결만",""
"528","심화-가이드-tool-calling과-memory를-결합한-react-패턴으로-행동하는-llm-에이전트-구축하기","[심화 가이드] Tool Calling과 Memory를 결합한 ReAct 패턴으로 '행동하는' LLM 에이전트 구축하기","AI & 자동화","index","0","0","푸터 자동연결만",""
"567","devsecops-도입-로드맵-sast-dast로-개발-초기부터-보안-취약점-막는-법","DevSecOps 도입 로드맵: SAST, DAST로 개발 초기부터 보안 취약점 막는 법","보안","index","0","0","푸터 자동연결만","⚠법·금융·보안 1차출처 없음"
"560","msa-분산-트랜잭션-일관성-saga와-outbox-패턴으로-2pc-대체하는-방법","MSA 분산 트랜잭션 일관성, Saga와 Outbox 패턴으로 2PC 대체하는 방법","개발","noindex","0","0","무출처",""
"568","기술-문서-체계화-가이드-docops-기반-개발-문서-5단계-프레임워크","기술 문서 체계화 가이드: DocOps 기반 개발 문서 5단계 프레임워크","개발","noindex","0","0","무출처",""
"490","사내-문서를-활용하는-맞춤형-ai-챗봇-rag-아키텍처로-완벽-구축하는-실전-가이드","사내 문서를 활용하는 맞춤형 AI 챗봇, RAG 아키텍처로 완벽 구축하는 실전 가이드","AI & 자동화","noindex","0","0","푸터 자동연결만",""
"566","코딩-없이-llm으로-업무-자동화하는-5단계-워크플로우-구축-가이드","코딩 없이 LLM으로 업무 자동화하는 5단계 워크플로우 구축 가이드","AI & 자동화","index","0","0","무출처",""
"74","개발자-필독-llmops-파이프라인-구축-필수-툴-비교-mlflow-vs-weights-biases-vs-자체-구축-완벽-가이드","[개발자 필독] LLMOps 파이프라인 구축 필수 툴 비교: MLflow vs Weights & Biases vs 자체 구축 완벽 가이드","AI & 자동화","index","0","0","푸터 자동연결만",""
"719","노코드-llm으로-업무-자동화-끝내는-방법-툴-비교부터-실전-구축-가이드","노코드 LLM으로 업무 자동화 끝내는 방법: 툴 비교부터 실전 구축 가이드","AI & 자동화","noindex","0","0","무출처",""
"668","psp-폐지-후-pod-security-admission으로-특권-컨테이너-차단하기","PSP 폐지 후 Pod Security Admission으로 특권 컨테이너 차단하기","보안","index","0","0","푸터 자동연결만","⚠법·금융·보안 1차출처 없음"
"733","기술-블로그-가독성-100-높이는-ux-체크리스트-toc부터-코드-테마까지","기술 블로그 가독성 100% 높이는 UX 체크리스트: TOC부터 코드 테마까지","개발","index","0","0","무출처",""
"353","ai-도입-기술-스택을-넘어-산업-생태계를-설계하라-성공적인-엔터프라이즈-ai-로드맵-가이드","AI 도입, 기술 스택을 넘어 산업 생태계를 설계하라: 성공적인 엔터프라이즈 AI 로드맵 가이드","IT 트렌드","noindex","0","0","무출처",""
"100","llm-에이전트-메모리-시스템-설계-단기-기억부터-장기-메모리까지","LLM 에이전트 메모리 시스템 설계: 단기 기억부터 장기 메모리까지","AI & 자동화","index","0","0","푸터 자동연결만",""
"351","실무-가이드-rag-성능-극대화-로드맵-임베딩부터-벡터-db까지-완벽-분석","[실무 가이드] RAG 성능 극대화 로드맵: 임베딩부터 벡터 DB까지 완벽 분석","AI & 자동화","index","0","0","푸터 자동연결만",""
"573","쿠버네티스-네트워킹-완벽-가이드-cni-원리부터-istiolinkerd-도입-전략","쿠버네티스 네트워킹 완벽 가이드: CNI 원리부터 Istio/Linkerd 도입 전략","인프라","noindex","0","0","푸터 자동연결만",""
"744","cors-에러-해결-콘솔-에러-원문별-진단표-서버별-복붙-설정","CORS 에러 해결: 콘솔 에러 원문별 진단표 + 서버별 복붙 설정","개발","index","0","0","푸터 자동연결만",""
"574","jupyter-모델-서버-배포-시-느린-문제-mlops-최적화-로드맵-완벽-가이드","Jupyter 모델, 서버 배포 시 느린 문제? MLOps 최적화 로드맵 완벽 가이드","인프라","index","0","0","푸터 자동연결만",""
"583","chatgpt-결과물-만족도-100-높이는-r-t-f-프롬프트-구조-공식-3가지","ChatGPT 결과물 만족도 100% 높이는 R-T-F 프롬프트 구조 공식 3가지","AI & 자동화","noindex","0","0","푸터 자동연결만",""
"584","2024-구글-seo-키워드-반복-대신-구조적-권위-확보하는-실전-가이드","2024 구글 SEO, 키워드 반복 대신 '구조적 권위' 확보하는 실전 가이드","IT 트렌드","noindex","0","0","커뮤니티/기타만",""
"729","go-성능-튜닝-완벽-가이드-pprof-worker-pool로-병목-지점-찾는-실전-로드맵","Go 성능 튜닝 완벽 가이드: pprof, Worker Pool로 병목 지점 찾는 실전 로드맵","개발","index","0","0","커뮤니티/기타만",""
"582","쿠버네티스-네트워킹-오류-pod-통신-실패부터-service-mesh까지-디버깅-순서","쿠버네티스 네트워킹 오류, Pod 통신 실패부터 Service Mesh까지 디버깅 순서","인프라","noindex","0","0","푸터 자동연결만",""
"726","ebpf로-커널-레벨-네트워크-정책-위반-트래픽-실시간-모니터링-구축-가이드","eBPF로 커널 레벨 네트워크 정책 위반 트래픽 실시간 모니터링 구축 가이드","인프라","index","0","0","푸터 자동연결만",""
"587","네트워크-장애-방지-실제-사례로-배우는-zero-trust-정책-설계-a-to-z","네트워크 장애 방지: 실제 사례로 배우는 Zero Trust 정책 설계 A to Z","인프라","index","0","0","무출처",""
"589","2026-isms-p-인증-준비-체크리스트-102개-항목빈출-결함-실무-가이드","2026 ISMS-P 인증 준비 체크리스트: 102개 항목·빈출 결함 실무 가이드","보안","index","0","0","푸터 자동연결만","⚠법·금융·보안 1차출처 없음"
"112","ai-도입-성공-공식-기술을-넘어-성과-측정과-변화-관리로-완성하기-2편","AI 도입 성공 공식: 기술을 넘어 '성과 측정'과 '변화 관리'로 완성하기 (2편)","AI & 자동화","noindex","0","0","무출처",""
"157","poc를-넘어-프로덕션-레벨로-기업용-ai-시스템-아키텍처-설계-청사진-1편","PoC를 넘어 프로덕션 레벨로: 기업용 AI 시스템 아키텍처 설계 청사진 (1편)","AI & 자동화","index","0","0","무출처",""
"721","실전-가이드-속도와-안정성-균형-잡는-sre-sloerror-budget-완벽-이해","속도와 안정성 균형 잡는 SRE, SLO/Error Budget 완벽 이해","인프라","index","0","0","무출처",""
"598","unable-to-get-local-issuer-certificate-에러-gitcurlpipnpm-해결법","unable to get local issuer certificate 에러 git·curl·pip·npm 해결법","개발","index","0","0","푸터 자동연결만",""
"597","systemd-자동-재시작-가이드-restartalways-vs-on-failure와-start-limit-hit-해결","systemd 자동 재시작 가이드: Restart=always vs on-failure와 start-limit-hit 해결","인프라","index","0","0","푸터 자동연결만",""
"373","1편-엣지-ai-모델-경량화-마스터-가이드-이론부터-jetson-배포까지","엣지 AI 모델 경량화 마스터 가이드: 이론부터 Jetson 배포까지","AI & 자동화","index","0","0","푸터 자동연결만",""
"606","too-many-open-files-해결-ulimitlimitsconfsystemd-limitnofile-실전","Too many open files 해결: ulimit·limits.conf·systemd LimitNOFILE 실전","인프라","index","0","0","푸터 자동연결만",""
"603","oomkilled-exit-code-137-해결-pod-메모리-limit-진단부터-튜닝까지","OOMKilled exit code 137 해결: Pod 메모리 limit 진단부터 튜닝까지","인프라","index","0","0","푸터 자동연결만",""
"605","livenessreadiness-probe-실패-6대-원인과-해결법-pod-무한-재시작-잡기","Liveness/Readiness Probe 실패 6대 원인과 해결법: Pod 무한 재시작 잡기","인프라","index","0","0","푸터 자동연결만",""
"608","certbot-갱신-실패-해결-certificate-expired-원인별-트러블슈팅","certbot 갱신 실패 해결: certificate expired 원인별 트러블슈팅","인프라","index","0","0","푸터 자동연결만",""
"89","rag-시스템-블랙박스-해부-프로덕션-환경을-위한-완벽한-observability-구축-가이드","RAG 시스템 블랙박스 해부: 프로덕션 환경을 위한 완벽한 Observability 구축 가이드","AI & 자동화","noindex","0","0","푸터 자동연결만",""
"600","cors-no-access-control-allow-origin-에러-5분-진단해결-코드","CORS No Access-Control-Allow-Origin 에러 5분 진단·해결 코드","개발","index","0","0","푸터 자동연결만",""
"207","siem-도입-실전-가이드-선택-기준부터-운영-노하우까지","SIEM 도입 실전 가이드: 선택 기준부터 운영 노하우까지","보안","index","0","0","무출처","⚠법·금융·보안 1차출처 없음"
"656","개인정보-위탁-vs-제3자-제공-차이-동의-또-받아야-할까-2026-가이드","개인정보 위탁 vs 제3자 제공 차이, 동의 또 받아야 할까? 2026 가이드","보안","index","0","0","푸터 자동연결만","⚠법·금융·보안 1차출처 없음"
"618","hikaripool-1-connection-is-not-available-30000ms-해결법","HikariPool-1 Connection is not available 30000ms 해결법","개발","index","0","0","푸터 자동연결만",""
"617","elasticsearch-forbidden12-index-read-only-에러-5분-복구-가이드","Elasticsearch FORBIDDEN/12 index read-only 에러 5분 복구 가이드","인프라","index","0","0","푸터 자동연결만",""
"468","코딩-없이도-업무-자동화-llm-에이전트-원리부터-langchain-실습까지-a-to-z-가이드","코딩 없이도 업무 자동화? LLM 에이전트, 원리부터 LangChain 실습까지 A to Z 가이드","AI & 자동화","noindex","0","0","푸터 자동연결만",""
"675","rag-구축-가이드-임베딩벡터db로-llm-환각-줄이기-실전","RAG 구축 가이드: 임베딩·벡터DB로 LLM 환각 줄이기 실전","AI & 자동화","noindex","0","0","푸터 자동연결만",""
"523","llm-에이전트-보안-아키텍처-프롬프트-인젝션-및-탈옥-공격을-막는-런타임-가드레일-설계-가이드","LLM 에이전트 보안 아키텍처: 프롬프트 인젝션 및 탈옥 공격을 막는 런타임 가드레일 설계 가이드","보안","index","0","0","푸터 자동연결만","⚠법·금융·보안 1차출처 없음"
"722","대용량-트래픽-db-성능-한계-돌파-샤딩-및-분산-트랜잭션-설계-로드맵","대용량 트래픽 DB 성능 한계 돌파: 샤딩 및 분산 트랜잭션 설계 로드맵","인프라","index","0","0","무출처",""
"577","chatgpt로-블로그-글쓰기-자동화-5단계-실전-프롬프트-공식-완벽-가이드","ChatGPT로 블로그 글쓰기 자동화: 5단계 실전 프롬프트 공식 완벽 가이드","AI & 자동화","noindex","0","0","푸터 자동연결만",""
"572","ai-답변-품질-10배-높이는-프롬프트-엔지니어링-5단계-공식-가이드","AI 답변 품질 10배 높이는 프롬프트 엔지니어링 5단계 공식 가이드","AI & 자동화","noindex","0","0","푸터 자동연결만",""
"318","ai-act-시대-성능을-넘어-신뢰로-mlops-기반-설명가능성xai-및-책임성-확보-전략","AI Act 시대, 성능을 넘어 신뢰로: MLOps 기반 설명가능성(XAI) 및 책임성 확보 전략","AI & 자동화","index","0","0","푸터 자동연결만",""
"676","회사-내부-문서로-답변하는-ai-챗봇-rag-구축-원리부터-구현-로드맵까지","회사 내부 문서로 답변하는 AI 챗봇, RAG 구축 원리부터 구현 로드맵까지","AI & 자동화","index","0","0","푸터 자동연결만",""
"630","pkix-path-building-failed-해결법-keytool-cacerts-import-5분-가이드","PKIX path building failed 해결법: keytool cacerts import 5분 가이드","개발","index","0","0","푸터 자동연결만",""
"596","envapi-키-git에-실수로-push-했을-때-긴급-복구-가이드",".env·API 키 git에 실수로 push 했을 때 긴급 복구 가이드","보안","index","0","0","푸터 자동연결만","⚠법·금융·보안 1차출처 없음"
"632","error-2002-hy000-mysql-소켓-연결-실패-원인별-해결-가이드","ERROR 2002 (HY000) MySQL 소켓 연결 실패 원인별 해결 가이드","인프라","index","0","0","푸터 자동연결만",""
"510","llm-에이전트의-진화-단순-호출을-넘어선-자율적-비즈니스-워크플로우-설계-패턴-가이드","LLM 에이전트의 진화: 단순 호출을 넘어선 자율적 비즈니스 워크플로우 설계 패턴 가이드","AI & 자동화","index","0","0","무출처",""
"42","서버리스부터-llm-에이전트까지-분산-시스템의-블랙박스를-여는-관측성observability-아키텍처-가이드","서버리스부터 LLM 에이전트까지: 분산 시스템의 블랙박스를 여는 관측성(Observability) 아키텍처 가이드","AI & 자동화","noindex","0","0","무출처",""
"241","llm-시대-데이터-사일로를-깨는-아키텍처-설계-데이터-메시data-mesh로-나아가기","LLM 시대, 데이터 사일로를 깨는 아키텍처 설계: 데이터 메시(Data Mesh)로 나아가기","AI & 자동화","index","0","0","무출처",""
"575","비개발자도-성공하는-ai-에이전트-구축-코딩-없는-자동화-워크플로우-가이드","비개발자도 성공하는 AI 에이전트 구축: 코딩 없는 자동화 워크플로우 가이드","AI & 자동화","noindex","0","0","무출처",""
"393","rag를-넘어-ai-에이전트까지-실전-기반의-차세대-지식-검색-및-자동화-시스템-구축-마스터-가이드","RAG를 넘어 AI 에이전트까지: 실전 기반의 차세대 지식 검색 및 자동화 시스템 구축 마스터 가이드","AI & 자동화","index","0","0","푸터 자동연결만",""
"481","쿠버네티스-위에서-aiml-워크로드를-완벽하게-오케스트레이션하는-심층-가이드","쿠버네티스 위에서 AI/ML 워크로드를 완벽하게 오케스트레이션하는 심층 가이드","인프라","index","0","0","푸터 자동연결만",""
"607","mysql-error-1205-lock-wait-timeout-진단-락-대기-vs-데드락-구분","MySQL ERROR 1205 Lock wait timeout 진단: 락 대기 vs 데드락 구분","개발","index","0","0","푸터 자동연결만",""
"464","llm-환각hallucination-문제-해결-기업-데이터로-ai-성능을-극대화하는-rag-완전-정복-가이드","LLM 환각(Hallucination) 문제 해결: 기업 데이터로 AI 성능을 극대화하는 RAG 가이드","AI & 자동화","index","0","0","푸터 자동연결만",""
"352","mlops-솔루션-선택-가이드-우리-팀에-맞는-최적의-ai-개발-스택은","MLOps 솔루션 선택 가이드: 우리 팀에 맞는 최적의 AI 개발 스택은?","AI & 자동화","index","0","0","푸터 자동연결만",""
"77","클라우드를-넘어-엣지로-임베디드-ai를-위한-필수-툴-비교-가이드-tflite-vs-onnx-runtime","클라우드를 넘어 엣지로: 임베디드 AI를 위한 필수 툴 비교 가이드 (TFLite vs. ONNX Runtime)","툴 리뷰","noindex","0","0","푸터 자동연결만",""
"345","코딩-없이-ai-에이전트-만들기-langchain부터-crewai까지-실전-프레임워크-비교-가이드","코딩 없이 AI 에이전트 만들기: LangChain부터 CrewAI까지, 실전 프레임워크 비교 가이드","AI & 자동화","index","0","0","푸터 자동연결만",""
"83","poc를-넘어-프로덕션으로-안정적인-llm-운영을-위한-llmops-완벽-가이드","PoC를 넘어 프로덕션으로: 안정적인 LLM 운영을 위한 LLMOps 완벽 가이드","AI & 자동화","noindex","0","0","푸터 자동연결만",""
"313","ai-운영-가이드-2편-구축을-넘어-생존까지-ai-observability와-거버넌스-완벽-구축-로드맵","구축을 넘어 생존까지: AI Observability와 거버넌스 완벽 구축 로드맵","AI & 자동화","index","0","0","푸터 자동연결만",""
"727","쿠버네티스-networkpolicy-zero-trust-기반-서비스-통신-제어-실습-가이드","쿠버네티스 NetworkPolicy: Zero Trust 기반 서비스 통신 제어 실습 가이드","인프라","index","0","0","푸터 자동연결만",""
"469","2024년-it-개발자가-주목해야-할-llm-활용-최신-트렌드-5가지","2024년 IT 개발자가 주목해야 할 LLM 활용 최신 트렌드 5가지","AI & 자동화","noindex","0","0","푸터 자동연결만",""
"723","클라우드-데이터-유출-방지-gdpr부터-국내법까지-준수하는-아키텍처-설계-가이드","클라우드 데이터 유출 방지: GDPR부터 국내법까지 준수하는 아키텍처 설계 가이드","보안","index","0","0","푸터 자동연결만","⚠법·금융·보안 1차출처 없음"
"403","mlops-심화-가이드-연구실-모델을-프로덕션-레벨로-끌어올리는-cicdcm-워크플로우-구축-전략","MLOps 심화 가이드: 연구실 모델을 프로덕션 레벨로 끌어올리는 CI/CD/CM 워크플로우 구축 전략","AI & 자동화","index","0","0","푸터 자동연결만",""
"138","llm-rag-agent를-넘어-ai-기술을-측정-가능한-비즈니스-성과로-연결하는-3단계-로드맵","LLM, RAG, Agent를 넘어: AI 기술을 '측정 가능한 비즈니스 성과'로 연결하는 3단계 로드맵","IT 트렌드","noindex","0","0","푸터 자동연결만",""
"285","아키텍처-패턴-분석-llm을-위한-실시간-데이터-스트리밍-파이프라인-구축-완벽-가이드-kafka-활용","[아키텍처 패턴 분석] LLM을 위한 실시간 데이터 스트리밍 파이프라인 구축 완벽 가이드 (Kafka 활용)","AI & 자동화","noindex","0","0","푸터 자동연결만",""
"105","llm-게이트웨이-설계-멀티-프로바이더-라우팅과-폴백-전략","LLM 게이트웨이 설계: 멀티 프로바이더 라우팅과 폴백 전략","AI & 자동화","index","0","0","커뮤니티/기타만",""
"748","address-already-in-use-해결-포트-점유-프로세스-찾아-종료하기-eaddrinuse","address already in use 해결: 포트 점유 프로세스 찾아 종료하기 (EADDRINUSE)","인프라","index","0","0","무출처",""
"239","필독-chatgpt-활용-극대화-가이드-실패-없는-프롬프트-엔지니어링-7가지-공식","[필독] ChatGPT 활용 극대화 가이드: 실패 없는 프롬프트 엔지니어링 7가지 공식","AI & 자동화","noindex","0","0","푸터 자동연결만",""
"347","필독-ai-시대-기업-생존을-위한-데이터-거버넌스-5단계-구축-로드맵","[필독] AI 시대, 기업 생존을 위한 데이터 거버넌스 5단계 구축 로드맵","IT 트렌드","noindex","0","0","푸터 자동연결만","⚠법·금융·보안 1차출처 없음"
"279","vector-db-eba788ec8aa4ed84b0-ed81b4eb9e98ec8aa4-2ed8eb8-hnsw-ec9db8eb8db1ec8aa4ec9980-ed9598ec9db4ebb88ceba6aceb939c-eab280ec8389-ecb59ceca081ed9994","Vector DB 마스터 클래스 2편: HNSW 인덱스와 하이브리드 검색 최적화","AI & 자동화","index","0","0","푸터 자동연결만",""
"69","로드맵-공개-외부-전송-없이-공장-데이터를-지키는-법-엣지-ai-기반-llm으로-구현하는-iiot-이상-징후-탐지","[로드맵 공개] 외부 전송 없이 공장 데이터를 지키는 법: 엣지 AI 기반 LLM으로 구현하는 IIoT 이상 징후 탐지","AI & 자동화","noindex","0","0","푸터 자동연결만",""
"185","고급-가이드-rag-성능-저하-원인-분석부터-hyde-re-ranking까지-프로덕션-레벨-최적화-전략","[고급 가이드] RAG 성능 저하 원인 분석부터 HyDE, Re-ranking까지: 프로덕션 레벨 최적화 전략","AI & 자동화","index","0","0","푸터 자동연결만",""
"360","실전-가이드-llm-기반-금융-리스크-분석-시스템-구축을-위한-아키텍처와-워크플로우","LLM 기반 금융 리스크 분석 시스템 구축을 위한 아키텍처와 워크플로우","AI & 자동화","index","0","0","푸터 자동연결만","⚠법·금융·보안 1차출처 없음"
"271","ec82b0ec9785-ed9884ec9ea5-ai-ed86b5ed95a9-ec9584ed82a4ed858decb298-eab080ec9db4eb939c-2ed8eb8-ec8ba4ec8b9ceab084-ec9db4ec8381-eab090eca780ec9980-ec9888ecb8a1-ec9ca0eca780ebb3b4ec8898","산업 현장 AI 통합 아키텍처 가이드 2편: 실시간 이상 감지와 예측 유지보수","AI & 자동화","index","0","0","무출처",""
"491","jupyter-notebook을-넘어-안정적인-ai-모델-운영을-위한-mlops-파이프라인-구축-a-to-z-가이드","Jupyter Notebook을 넘어: 안정적인 AI 모델 운영을 위한 MLOps 파이프라인 구축 A to Z 가이드","인프라","index","0","0","푸터 자동연결만",""
"782","systemd-restartalwayson-failure-예제와-무한재시작-방지법","systemd Restart=always·on-failure 예제와 무한재시작 방지법","인프라","index","0","0","푸터 자동연결만",""
"483","vllm-vs-tensorrt-llm-llm-추론-속도-극대화를-위한-gpu-가속-엔진-완벽-비교-가이드","vLLM vs TensorRT-LLM: LLM 추론 속도 극대화를 위한 GPU 가속 엔진 완벽 비교 가이드","인프라","index","0","0","무출처",""
"750","connection-refused-econnrefused-127001-30초-진단-런북","connection refused / ECONNREFUSED 127.0.0.1 30초 진단 런북","인프라","index","0","0","커뮤니티/기타만",""
"322","레거시-시스템-ai로-살리는-3가지-아키텍처-패턴-가이드-feat-현대화-로드맵","레거시 시스템, AI로 살리는 3가지 아키텍처 패턴 가이드 (feat. 현대화 로드맵)","AI & 자동화","index","0","0","무출처",""
"275","llm-ec84b1eb8aa5-ed96a5ec8381-ec8b9ceba6aceca688-2ed8eb8-lora-qlora-ed8c8cec9db8ed8a9ceb8b9d-ec8ba4eca084-eab080ec9db4eb939c","LLM 성능 향상 시리즈 2편: LoRA·QLoRA 파인튜닝 실전 가이드","AI & 자동화","index","0","0","푸터 자동연결만",""
"431","rag-시스템-성능-검증-완벽-가이드-llm-평가-지표metrics부터-최적화까지","RAG 시스템 성능 검증 완벽 가이드: LLM 평가 지표(Metrics)부터 최적화까지","AI & 자동화","index","0","0","푸터 자동연결만",""
"751","fork-retry-resource-temporarily-unavailable-30초-진단-런북","fork: retry: Resource temporarily unavailable 30초 진단 런북","인프라","index","0","0","푸터 자동연결만",""
"448","llm-에이전트로-시장-조사-자동화하기-복잡한-비즈니스-문제를-해결하는-ai-워크플로우-설계-가이드","LLM 에이전트로 시장 조사 자동화하기: 복잡한 비즈니스 문제를 해결하는 AI 워크플로우 설계 가이드","AI & 자동화","index","0","0","무출처",""
"278","enterprise-ai-architecture-blueprint-3ed8eb8-ai-eab1b0ebb284eb848cec8aa4ec9980-eab79ceca09c-eca480ec8898-ec9e90eb8f99ed9994","Enterprise AI Architecture Blueprint 3편: AI 거버넌스와 규제 준수 자동화","AI & 자동화","index","0","0","푸터 자동연결만","⚠법·금융·보안 1차출처 없음"
"122","엣지-ai의-심장-실시간-스트림-데이터를-위한-데이터-파이프라인-구축-가이드-3편","엣지 AI의 심장: 실시간 스트림 데이터를 위한 데이터 파이프라인 구축 가이드 (3편)","AI & 자동화","noindex","0","0","푸터 자동연결만",""
"753","pod-pending-failedscheduling-03-nodes-30초-진단복구-런북","Pod Pending FailedScheduling 0/3 nodes 30초 진단·복구 런북","인프라","index","0","0","푸터 자동연결만",""
"1","개발자부터-기획자까지-업무별-최적-ai-코파일럿-툴-3종-전격-비교-분석","개발자부터 기획자까지: 업무별 최적 AI 코파일럿 툴 3종 전격 비교 분석","AI & 자동화","noindex","0","0","무출처",""
"226","rag-성능-극대화-가이드-청킹-전략부터-하이브리드-검색-아키텍처까지-완벽-분석","RAG 성능 극대화 가이드: 청킹 전략부터 하이브리드 검색 아키텍처까지 완벽 분석","AI & 자동화","index","0","0","푸터 자동연결만",""
"473","llm-프로토타입을-넘어-비즈니스-레벨의-ai-시스템을-구축하는-완벽-가이드-rag부터-에이전트-오케스트레이션까지","LLM 프로토타입을 넘어, 비즈니스 레벨의 AI 시스템을 구축하는 완벽 가이드 (RAG부터 에이전트 오케스트레이션까지)","AI & 자동화","index","0","0","푸터 자동연결만",""
"517","poc를-넘어-실제-서비스로-llm-에이전트의-신뢰성을-확보하는-3가지-핵심-방법론-테스트-가드레일-모니터링","PoC를 넘어 실제 서비스로: LLM 에이전트의 신뢰성을 확보하는 3가지 핵심 방법론 (테스트, 가드레일, 모니터링)","AI & 자동화","index","0","0","푸터 자동연결만",""
"242","시리즈-44-엣지-ai-시스템-통합-아키텍처-가이드-실시간-스트리밍을-위한-완벽한-데이터-파이프라인-구축하기","엣지 AI 시스템 통합 아키텍처 가이드: 실시간 스트리밍을 위한 완벽한 데이터 파이프라인 구축하기","AI & 자동화","index","0","0","푸터 자동연결만",""
"693","cicd-파이프라인-속도와-비용-finops-기반-완벽-최적화-로드맵","CI/CD 파이프라인 속도와 비용, FinOps 기반 완벽 최적화 로드맵","인프라","noindex","0","0","무출처",""
"762","mongodb-bad-auth-authentication-failed-code-18-진단표로-즉시-해결","MongoDB bad auth Authentication failed (code 18) 진단표로 즉시 해결","개발","index","0","0","푸터 자동연결만",""
"480","모델-성능-저하를-막는-실시간-mlops-observability-구축-가이드-드리프트부터-이상-징후까지","모델 성능 저하를 막는 실시간 MLOps Observability 구축 가이드: 드리프트부터 이상 징후까지","AI & 자동화","noindex","0","0","푸터 자동연결만",""
"760","cannot-read-properties-of-undefined-에러-30초에-잡는-실무-런북","Cannot read properties of undefined 에러 30초에 잡는 실무 런북","개발","index","0","0","무출처",""
"4","llm-기반-워크플로우-오케스트레이션-airflow-prefect-dagster-데이터-엔지니어의-선택-가이드","LLM 기반 워크플로우 오케스트레이션: Airflow, Prefect, Dagster, 데이터 엔지니어의 선택 가이드","AI & 자동화","noindex","0","0","푸터 자동연결만",""
"125","데이터는-자산인가-제품인가-데이터-제품화data-productization-개념-완벽-가이드-1n","데이터는 자산인가, 제품인가? 데이터 제품화(Data Productization) 개념 완벽 가이드 (1/N)","AI & 자동화","index","0","0","무출처",""
"124","그냥-써줘는-이제-그만-ai-콘텐츠의-완성도를-10배-높이는-구조화된-프롬프트-엔지니어링-가이드","""그냥 써줘""는 이제 그만: AI 콘텐츠의 완성도를 10배 높이는 구조화된 프롬프트 엔지니어링 가이드","AI & 자동화","index","0","0","무출처",""
"39","서버리스-vs-엣지-컴퓨팅-시스템-아키텍트가-알아야-할-최적의-분산-컴퓨팅-아키텍처-선택-가이드","서버리스 vs. 엣지 컴퓨팅: 시스템 아키텍트가 알아야 할 최적의 분산 컴퓨팅 아키텍처 선택 가이드","IT 트렌드","noindex","0","0","무출처",""
"181","데이터-사일로-탈출-ai-시대-비즈니스-가치를-극대화하는-통합-데이터-레이크-구축-로드맵","데이터 사일로 탈출: AI 시대, 비즈니스 가치를 극대화하는 통합 데이터 레이크 구축 로드맵","AI & 자동화","noindex","0","0","무출처",""
"394","챗봇을-넘어선-비즈니스-혁신-ai-에이전트로-구현하는-실질적-업무-자동화-로드맵","챗봇을 넘어선 비즈니스 혁신: AI 에이전트로 구현하는 실질적 업무 자동화 로드맵","AI & 자동화","index","0","0","무출처",""
"778","2026-isms-p-인증-준비-체크리스트-의무대상절차비용-총정리","ISMS-P 인증 의무대상·신청절차·비용 총정리 (2026)","보안","index","0","0","푸터 자동연결만",""
"773","apt-could-not-get-lock-varlibdpkglock-frontend-30초-진단복구-런북","apt Could not get lock /var/lib/dpkg/lock-frontend 30초 진단·복구 런북","인프라","index","0","0","무출처",""
"204","ai-도입-성공의-마지막-관문-기술을-넘어-조직-변화-관리로-완성하는-프레임워크","AI 도입 성공의 마지막 관문: 기술을 넘어 '조직 변화 관리'로 완성하는 프레임워크","IT 트렌드","index","0","0","무출처",""
"781","too-many-open-filesemfile-errno-24-30초-진단복구-런북","Too many open files(EMFILE errno 24) 30초 진단·복구 런북","인프라","index","0","0","푸터 자동연결만",""
"780","리눅스-서버-해킹-흔적-30초-점검-런북-lastbauthlognetstat","리눅스 서버 해킹 흔적 30초 점검 런북 (lastb·auth.log·netstat)","보안","index","0","0","푸터 자동연결만","⚠법·금융·보안 1차출처 없음"
"772","sudo-no-tty-present-and-no-askpass-에러-30초-진단복구-cronciansible","sudo: no tty present and no askpass 에러 30초 진단·복구 (cron·CI·Ansible)","보안","index","0","0","푸터 자동연결만","⚠법·금융·보안 1차출처 없음"
"280","vector-db-eba788ec8aa4ed84b0-ed81b4eb9e98ec8aa4-3ed8eb8-eba980ed8bb0ed858ceb848ced8ab8-ec9ab4ec9881eab3bc-eb939ceba6aced9484ed8ab8-ebaaa8eb8b88ed84b0eba781","Vector DB 마스터 클래스 3편: 멀티테넌트 운영과 드리프트 모니터링","AI & 자동화","index","0","0","푸터 자동연결만",""
"272","ec82b0ec9785-ed9884ec9ea5-ai-ed86b5ed95a9-ec9584ed82a4ed858decb298-eab080ec9db4eb939c-3ed8eb8-ec97a3eca780-ed81b4eb9dbcec9ab0eb939c-ed9598ec9db4ebb88ceba6aceb939c-ebb0b0ed8fac","산업 현장 AI 통합 아키텍처 가이드 3편: 엣지-클라우드 하이브리드 배포","AI & 자동화","index","0","0","무출처",""
"787","unsupportedclassversionerror-30초-진단복구-런북-class-file-610","UnsupportedClassVersionError 30초 진단·복구 런북 (class file 61.0)","개발","index","0","0","푸터 자동연결만",""
"247","llm-에이전트의-신뢰성-확보-복잡한-비즈니스-워크플로우를-위한-상태-관리state-management-완벽-가이드","LLM 에이전트의 신뢰성 확보: 복잡한 비즈니스 워크플로우를 위한 상태 관리(State Management) 완벽 가이드","AI & 자동화","index","0","0","무출처",""
"674","k8s-networkpolicy-통신-오류-해결-calico-vs-cilium-iptables-vs-ebpf-비교-가이드","K8s NetworkPolicy 통신 오류 해결: Calico vs Cilium (iptables vs eBPF) 비교 가이드","인프라","index","1","0","공식 있음(본문)",""
"205","제로트러스트zero-trust-보안-아키텍처-완전-가이드","제로트러스트(Zero Trust) 보안 아키텍처 완전 가이드","보안","index","1","0","공식 있음(본문)",""
"215","kubernetes-프로덕션-클러스터-구축-완전-가이드","Kubernetes 프로덕션 클러스터 구축 완전 가이드","인프라","index","1","1","공식 있음(본문)",""
"216","terraform으로-인프라-코드화iac-실전-모듈-설계부터-상태-관리까지","Terraform으로 인프라 코드화(IaC) 실전: 모듈 설계부터 상태 관리까지","인프라","index","1","0","공식 있음(본문)",""
"220","서비스-메시-완전-정복-istio-vs-linkerd-vs-cilium-비교","서비스 메시: Istio vs Linkerd vs Cilium 비교","인프라","index","1","0","공식 있음(본문)",""
"718","쿠버네티스-ingress-controller-nginx-vs-traefik-환경별-최적-선택-가이드","쿠버네티스 Ingress Controller: Nginx vs Traefik, 환경별 최적 선택 가이드","인프라","index","1","0","공식 있음(본문)",""
"209","devsecops-파이프라인-구축-실전-cicd에-보안-자동화-통합하기","DevSecOps 파이프라인 구축 실전: CI/CD에 보안 자동화 통합하기","보안","index","1","0","공식 있음(본문)",""
"633","ssh-too-many-authentication-failures-해결법-identitiesonly","SSH Too many authentication failures 해결법 (IdentitiesOnly)","보안","index","1","0","공식 있음(본문)",""
"99","llm-에이전트-툴-사용-완전-정복-function-calling부터-mcp까지","LLM 에이전트 툴 사용: Function Calling부터 MCP까지","AI & 자동화","index","1","0","공식 있음(본문)",""
"640","ssh-connection-closedreset-by-peer-5분-진단복구-fail2banmaxstartups","SSH Connection closed/reset by peer 5분 진단·복구 (fail2ban·MaxStartups)","보안","index","1","0","공식 있음(본문)",""
"704","redis-oom-에러used-memory-maxmemory-5분-응급처치-가이드","Redis OOM 에러(used memory > maxmemory) 5분 응급처치 가이드","인프라","index","1","0","공식 있음(본문)",""
"208","owasp-api-security-top-10-실전-취약점-분석과-방어-코드","OWASP API Security Top 10: 실전 취약점 분석과 방어 코드","보안","index","1","0","공식 있음(본문)",""
"643","npm-err-code-elifecycle-해결법-errno-1134sigkill-원인별-진단","npm ERR! code ELIFECYCLE 해결법 — errno 1·134·SIGKILL 원인별 진단","개발","index","1","0","공식 있음(본문)",""
"641","kubectl-unauthorizedyou-must-be-logged-in-401-해결-6가지","kubectl Unauthorized(You must be logged in) 401 해결 6가지","인프라","index","1","0","공식 있음(본문)",""
"636","jwt-invalid-signature-401-에러-6가지-원인-진단-springnodepython","JWT invalid signature 401 에러 6가지 원인 진단 (Spring/Node/Python)","보안","index","1","0","공식 있음(본문)",""
"613","nginx-413-request-entity-too-large-5분-진단해결-가이드","nginx 413 Request Entity Too Large 5분 진단·해결 가이드","인프라","index","1","0","공식 있음(본문)",""
"645","k8s-forbidden-오류-rbac부터-serviceaccount까지-5단계로-완벽-진단하는-방법","K8s 'Forbidden' 오류, RBAC부터 ServiceAccount까지 5단계로 완벽 진단하는 방법","인프라","index","1","0","공식 있음(본문)",""
"670","docker-cannot-connect-to-the-daemon-에러-5가지-원인별-완벽-해결-가이드","Docker ""Cannot connect to the daemon"" 에러, 5가지 원인별 완벽 해결 가이드","개발","index","1","0","공식 있음(본문)",""
"739","modulenotfounderrorimporterror-5분-해결-원인별-진단표와-복붙-명령어","ModuleNotFoundError·ImportError 5분 해결 — 원인별 진단표와 복붙 명령어","개발","index","1","0","공식 있음(본문)",""
"585","k8s-networkpolicy-default-deny-서비스-중단-없이-안전하게-도입하는-3단계-가이드","K8s NetworkPolicy Default Deny, 서비스 중단 없이 안전하게 도입하는 3단계 가이드","인프라","index","1","0","공식 있음(본문)",""
"681","k8s-5xx-에러-원인-분석-ingressgateway-api-7단계-디버깅-가이드","K8s 5xx 에러 원인 분석: Ingress/Gateway API 7단계 디버깅 가이드","인프라","index","1","0","공식 있음(본문)",""
"599","postgresql-too-many-clients-already-5분-진단부터-pgbouncer-해결까지","PostgreSQL 'too many clients already' 5분 진단부터 PgBouncer 해결까지","인프라","index","1","0","공식 있음(본문)",""
"482","terraform과-kubeflow로-완성하는-mlops-완전-자동화-파이프라인-구축-가이드","Terraform과 Kubeflow로 완성하는 MLOps 완전 자동화 파이프라인 구축 가이드","인프라","index","1","0","공식 있음(본문)",""
"594","pip-resolutionimpossible-의존성-충돌-에러-해결법-단계별","pip ResolutionImpossible 의존성 충돌 에러 해결법 (단계별)","개발","index","1","0","공식 있음(본문)",""
"261","gpu-자원-낭비-끝내는-법-kubernetes-기반-ml-인프라-최적화-완벽-가이드","GPU 자원 낭비 끝내는 법: Kubernetes 기반 ML 인프라 최적화 완벽 가이드","AI & 자동화","index","1","0","공식 있음(본문)",""
"217","aws-vs-azure-vs-gcp-2025-워크로드별-클라우드-선택-완전-비교","AWS vs Azure vs GCP 2025: 워크로드별 클라우드 선택 완전 비교","인프라","index","1","0","공식 있음(본문)",""
"777","fail2ban-ssh-차단-설정-5분-완성-jaillocal-복붙-예제","fail2ban SSH 차단 설정 5분 완성 — jail.local 복붙 예제","보안","index","1","0","공식 있음(본문)",""
"623","terraform-state-lock-에러-해결-force-unlockdynamodb-락-삭제","Terraform state lock 에러 해결: force-unlock·DynamoDB 락 삭제","인프라","index","1","0","공식 있음(본문)",""
"740","docker-permission-denied-varrundockersock-에러-5분-해결법","Docker permission denied /var/run/docker.sock 에러 5분 해결법","인프라","index","1","0","공식 있음(본문)",""
"616","nginx-403-forbidden-에러-6대-원인별-5분-진단해결-가이드","nginx 403 Forbidden 에러, 6대 원인별 5분 진단·해결 가이드","인프라","index","1","0","공식 있음(본문)",""
"590","crashloopbackoff-해결-pod-무한-재시작-7가지-원인-진단법","CrashLoopBackOff 해결: Pod 무한 재시작 7가지 원인 진단법","인프라","index","1","0","공식 있음(본문)",""
"711","istiolinkerd-트래픽-오류-헬스-체크-실패부터-라우팅까지-디버깅-완벽-가이드","Istio/Linkerd 트래픽 오류, 헬스 체크 실패부터 라우팅까지 디버깅 완벽 가이드","인프라","index","1","0","공식 있음(본문)",""
"742","nginx-502-bad-gateway-원인-진단표복붙-명령어로-5분-해결","nginx 502 Bad Gateway 원인 진단표·복붙 명령어로 5분 해결","인프라","index","1","0","공식 있음(본문)",""
"712","istio-통신-오류-5단계-체크리스트로-근본-원인-찾는-실전-디버깅-가이드","Istio 통신 오류, 5단계 체크리스트로 근본 원인 찾는 실전 디버깅 가이드","인프라","index","1","0","공식 있음(본문)",""
"218","gitops와-argocd로-쿠버네티스-배포-완전-자동화하기","GitOps와 ArgoCD로 쿠버네티스 배포 완전 자동화하기","인프라","index","1","0","공식 있음(본문)",""
"713","kubernetes-pvc-pending-문제-storageclass-매칭-실패-원인부터-완벽-디버깅-가이드","Kubernetes PVC Pending 문제, StorageClass 매칭 실패 원인부터 완벽 디버깅 가이드","인프라","index","1","0","공식 있음(본문)",""
"662","uptime-kuma-vs-netdata-vs-prometheus-소규모-서버-모니터링-추천","Uptime Kuma vs Netdata vs Prometheus, 소규모 서버 모니터링 추천","툴 리뷰","index","1","0","공식 있음(본문)",""
"714","python-가상환경-venv-vs-conda-vs-poetry-상황별-최적-선택-가이드","Python 가상환경 venv vs conda vs poetry, 상황별 최적 선택 가이드","개발","index","1","0","공식 있음(본문)",""
"663","python-importerror-cannot-import-name-순환-참조-해결-5가지","Python ImportError: cannot import name 순환 참조 해결 5가지","개발","index","1","0","공식 있음(본문)",""
"664","kubernetes-crashloopbackoff-원인-7가지-종료코드로-5분-진단","Kubernetes CrashLoopBackOff 원인 7가지 — 종료코드로 5분 진단","인프라","index","1","0","공식 있음(본문)",""
"692","python-could-not-find-a-version-that-satisfies-에러-의존성-충돌-완벽-해결-가이드-pippoetry","Python 'Could not find a version that satisfies' 에러, 의존성 충돌 완벽 해결 가이드 (pip/Poetry)","개발","index","1","0","공식 있음(본문)",""
"685","istio와-peerauthentication으로-k8s-서비스-간-mtls-통신-강제화-완벽-가이드","Istio와 PeerAuthentication으로 K8s 서비스 간 mTLS 통신 강제화 완벽 가이드","보안","index","1","0","공식 있음(본문)",""
"661","nginx-리버스-프록시-설정-api관리자프론트-한-도메인-라우팅-복붙-예제","Nginx 리버스 프록시 설정: API·관리자·프론트 한 도메인 라우팅 복붙 예제","인프라","index","1","0","공식 있음(본문)",""
"639","docker-container-name-is-already-in-use-에러-해결법-docker-rm-f","Docker ""container name is already in use"" 에러 해결법 (docker rm -f)","인프라","index","1","0","공식 있음(본문)",""
"507","fastapi-api-docker와-kubernetes로-프로덕션-환경에-배포하는-완벽-실습-가이드","FastAPI API, Docker와 Kubernetes로 프로덕션 환경에 배포하는 완벽 실습 가이드","인프라","index","1","0","공식 있음(본문)",""
"667","kubectl-get-endpoints-noneservice-connection-refused-5분-진단","kubectl get endpoints <none>·Service connection refused 5분 진단","인프라","index","1","0","공식 있음(본문)",""
"570","k8s-networkpolicy로-zero-trust-구현하기-ingressegress-트래픽-제어-실전","K8s NetworkPolicy로 Zero Trust 구현하기: Ingress/Egress 트래픽 제어 실전","인프라","index","1","0","공식 있음(본문)",""
"569","kubernetes-pod-pending-원인-7가지-kubectl-describe로-완벽-진단하는-실전-가이드","Kubernetes Pod Pending 원인 7가지: kubectl describe로 완벽 진단하는 실전 가이드","인프라","index","1","0","공식 있음(본문)",""
"724","k8s-l7-네트워크-정책-실패-원인-ebpf-기반-디버깅-워크플로우-완벽-가이드","K8s L7 네트워크 정책 실패 원인? eBPF 기반 디버깅 워크플로우 완벽 가이드","인프라","index","1","0","공식 있음(본문)",""
"736","ssh-permission-denied-publickey-원인해결-5분-진단-ec2","SSH Permission denied (publickey) 원인·해결 5분 진단 (EC2)","인프라","index","1","0","공식 있음(본문)",""
"669","imagepullbackoffx509unauthorized-사설-레지스트리-에러-5분-진단","ImagePullBackOff·x509·unauthorized 사설 레지스트리 에러 5분 진단","인프라","index","1","0","공식 있음(본문)",""
"695","terraform부터-k8s까지-devops-cicd-전체-구축-실전-로드맵-iac-gitops","Terraform부터 K8s까지: DevOps CI/CD 전체 구축 실전 로드맵 (IaC & GitOps)","인프라","index","1","0","공식 있음(본문)",""
"743","imagepullbackofferrimagepull-해결-events로-원인-진단하고-복붙으로-끝내기","ImagePullBackOff·ErrImagePull 해결: Events로 원인 진단하고 복붙으로 끝내기","인프라","index","1","0","공식 있음(본문)",""
"725","istio-vs-networkpolicy-l3l4와-l7-정책-충돌-시-우선순위-완벽-가이드","Istio vs NetworkPolicy: L3/L4와 L7 정책 충돌 시 우선순위 완벽 가이드","인프라","index","1","0","공식 있음(본문)",""
"696","istio-vs-linkerd-비교-마이크로서비스-안정화-service-mesh-도입-로드맵","Istio vs Linkerd 비교: 마이크로서비스 안정화 Service Mesh 도입 로드맵","인프라","index","1","0","공식 있음(본문)",""
"581","k8s-통신-오류-해결-가이드-cni부터-service-mesh까지-3단계-트러블슈팅","K8s 통신 오류 해결 가이드: CNI부터 Service Mesh까지 3단계 트러블슈팅","인프라","index","1","0","공식 있음(본문)",""
"687","kubernetes-비밀-관리-vault-vs-aws-secrets-manager-비교-및-최적-아키텍처-가이드","Kubernetes 비밀 관리, Vault vs AWS Secrets Manager 비교 및 최적 아키텍처 가이드","인프라","index","1","0","공식 있음(본문)",""
"593","kubernetes-pod가-terminating에서-멈췄을-때-원인-5가지와-안전한-강제-삭제","Kubernetes Pod가 Terminating에서 멈췄을 때: 원인 5가지와 안전한 강제 삭제","인프라","index","1","0","공식 있음(본문)",""
"592","docker-permission-denied-해결-daemon-socket-에러-sudo-없이-끝내기","Docker permission denied 해결: daemon socket 에러 sudo 없이 끝내기","개발","index","1","0","공식 있음(본문)",""
"730","istioingress-네트워킹-장애-yaml로-근본-원인-디버깅하는-완벽-가이드","Istio/Ingress 네트워킹 장애, YAML로 근본 원인 디버깅하는 완벽 가이드","인프라","index","1","0","공식 있음(본문)",""
"601","no-space-left-on-device-해결-df-inode-docker-5분-진단","No space left on device 해결: df, inode, Docker 5분 진단","인프라","index","1","0","공식 있음(본문)",""
"588","imagepullbackofferrimagepull-원인-6가지-진단해결-가이드","ImagePullBackOff/ErrImagePull 원인 6가지 진단·해결 가이드","인프라","index","1","0","공식 있음(본문)",""
"602","nginx-504-gateway-timeout-해결-proxyreadtimeout과-업스트림-타임아웃","nginx 504 Gateway Timeout 해결: proxy_read_timeout과 업스트림 타임아웃","인프라","index","1","0","공식 있음(본문)",""
"621","kubectl-get-nodes-notready-원인-6가지-진단복구-5분-가이드","kubectl get nodes NotReady 원인 6가지 진단·복구 5분 가이드","인프라","index","1","0","공식 있음(본문)",""
"612","redis-oom-command-not-allowed-에러-5분-진단복구-가이드","Redis OOM command not allowed 에러 5분 진단·복구 가이드","인프라","index","1","0","공식 있음(본문)",""
"620","npm-eresolve-unable-to-resolve-dependency-tree-원인별-해결법","npm ERESOLVE unable to resolve dependency tree 원인별 해결법","개발","index","1","0","공식 있음(본문)",""
"619","kubernetes-pod-dns-실패coredns-5분-진단-cant-resolve-temporary-failure","Kubernetes Pod DNS 실패(CoreDNS) 5분 진단: can't resolve & Temporary failure","인프라","index","1","0","공식 있음(본문)",""
"610","javalangoutofmemoryerror-java-heap-space-30분-진단해결-가이드","java.lang.OutOfMemoryError: Java heap space 30분 진단·해결 가이드","개발","index","1","0","공식 있음(본문)",""
"615","kafka-commitfailedexception-무한-리밸런스-5대-원인-진단해결-가이드","Kafka CommitFailedException 무한 리밸런스 5대 원인 진단·해결 가이드","인프라","index","1","0","공식 있음(본문)",""
"626","selinux-permission-denied-해결법-chmod-정상인데-막힐-때avc-denied","SELinux Permission denied 해결법 — chmod 정상인데 막힐 때(avc denied)","보안","index","1","0","공식 있음(본문)",""
"629","kubernetes-pvc-pending-안-풀릴-때-원인-6가지-5분-진단-가이드","Kubernetes PVC Pending 안 풀릴 때 원인 6가지 5분 진단 가이드","인프라","index","1","0","공식 있음(본문)",""
"614","postgresql-password-authentication-failed-for-user-postgres-해결-5가지","PostgreSQL password authentication failed for user postgres 해결 5가지","개발","index","1","0","공식 있음(본문)",""
"628","ufw-enable-후-ssh-끊김self-lockout-긴급-복구-안전-설정법","ufw enable 후 SSH 끊김(self-lockout) 긴급 복구 + 안전 설정법","보안","index","1","0","공식 있음(본문)",""
"631","docker-compose-dependson이-db를-안-기다릴-때-healthcheck로-connection-refused-해결","docker compose depends_on이 DB를 안 기다릴 때 — healthcheck로 connection refused 해결","인프라","index","1","0","공식 있음(본문)",""
"673","k8s-pvc-pending-해결-가이드-바인딩-실패-원인-5가지-완벽-진단법","K8s PVC Pending 해결 가이드: 바인딩 실패 원인 5가지 완벽 진단법","인프라","index","1","0","공식 있음(본문)",""
"627","vs-code-remote-ssh-연결-실패-원인-6가지-5분-진단-가이드","VS Code Remote-SSH 연결 실패 원인 6가지 5분 진단 가이드","툴 리뷰","index","1","0","공식 있음(본문)",""
"746","crashloopbackoff-해결-kubectl로-pod-재시작-무한루프-5분-진단","CrashLoopBackOff 해결: kubectl로 Pod 재시작 무한루프 5분 진단","인프라","index","1","0","공식 있음(본문)",""
"749","x509-certificate-signed-by-unknown-authority-해결-dockergok8sgit-복붙-런북","x509 certificate signed by unknown authority 해결 — Docker·Go·k8s·git 복붙 런북","보안","index","1","0","공식 있음(본문)",""
"783","docker-port-is-already-allocated-30초-진단복구-런북","Docker 'port is already allocated' 30초 진단·복구 런북","인프라","index","1","0","공식 있음(본문)",""
"754","k8s-livenessreadiness-probe-failedconnection-refused-원인별-해결","K8s Liveness/Readiness probe failed·connection refused 원인별 해결","인프라","index","1","0","공식 있음(본문)",""
"755","npm-err-code-eresolve-해결법-에러-원문-복붙-진단-런북","npm ERR! code ERESOLVE 해결법 — 에러 원문 복붙 진단 런북","개발","index","1","0","공식 있음(본문)",""
"752","oomkilled-exit-code-137-해결-kubectl-30초-진단5분-복구-런북","OOMKilled exit code 137 해결: kubectl 30초 진단·5분 복구 런북","인프라","index","1","0","공식 있음(본문)",""
"763","redis-misconf-unable-to-persist-on-disk-에러-5분-복구-런북","Redis MISCONF unable to persist on disk 에러 5분 복구 런북","인프라","index","1","0","공식 있음(본문)",""
"700","kafka-consumer-rebalancing-실패-원인부터-안정화-튜닝까지-완벽-가이드","Kafka Consumer Rebalancing 실패 원인부터 안정화 튜닝까지 완벽 가이드","인프라","index","1","0","공식 있음(본문)",""
"767","kubectl-unauthorized-원인별-3분-진단복구-런북-eks-재발급","kubectl Unauthorized 원인별 3분 진단·복구 런북 (EKS 재발급)","인프라","index","1","0","공식 있음(본문)",""
"770","outofmemoryerror-5계열-30초-진단-런북-heap-space-vs-metaspace-복구-명령","OutOfMemoryError 5계열 30초 진단 런북: heap space vs Metaspace 복구 명령","개발","index","1","0","공식 있음(본문)",""
"768","kubectl-localhost8080-refused-에러-30초-진단복구-런북","kubectl localhost:8080 refused 에러 30초 진단·복구 런북","인프라","index","1","0","공식 있음(본문)",""
"717","istio-l7-503-에러-사이드카부터-정책까지-3단계로-근본-원인-진단하는-법","Istio L7 503 에러, 사이드카부터 정책까지 3단계로 근본 원인 진단하는 법","인프라","index","1","0","공식 있음(본문)",""
"775","selinux-avc-denied-30초-진단-런북-nginxhttpd-접근-거부-해결","SELinux avc denied 30초 진단 런북: nginx·httpd 접근 거부 해결","보안","index","1","0","공식 있음(본문)",""
"765","ssh-connection-closed-by-remote-host-에러-원문별-트러블슈팅","SSH Connection closed by remote host 에러 원문별 트러블슈팅","보안","index","1","0","공식 있음(본문)",""
"684","쿠버네티스-서비스-디스커버리-원리-coredns-작동-방식부터-headless-service까지","쿠버네티스 서비스 디스커버리 원리: CoreDNS 작동 방식부터 Headless Service까지","인프라","index","1","0","공식 있음(본문)",""
"434","llmops-가이드-poc를-넘어-프로덕션-레벨-llm-배포-k8s-기반-최적화-및-gpu-자원-관리-전략","[LLMOps 가이드] PoC를 넘어 프로덕션 레벨 LLM 배포: K8s 기반 최적화 및 GPU 자원 관리 전략","AI & 자동화","index","1","0","공식 있음(본문)",""
"785","nodejs-error0308010c-digital-envelope-unsupported-해결-런북","Node.js error:0308010C digital envelope unsupported 해결 런북","개발","index","1","0","공식 있음(본문)",""
"699","kafka-streams-schema-registry-견고한-실시간-데이터-파이프라인-구축-가이드","Kafka Streams + Schema Registry: 견고한 실시간 데이터 파이프라인 구축 가이드","AI & 자동화","index","2","0","공식 있음(본문)",""
"214","ai-시대의-새로운-보안-위협-llm-공격-패턴과-방어-전략","AI 시대의 새로운 보안 위협: LLM 공격 패턴과 방어 전략","보안","index","2","0","공식 있음(본문)",""
"649","maven-could-not-resolve-dependencies-빌드-실패-원인-6가지settingsxml-해결법","Maven ""Could not resolve dependencies"" 빌드 실패 원인 6가지·settings.xml 해결법","개발","index","2","0","공식 있음(본문)",""
"779","nopubkey-apt-에러-복구-런북-signed-by-keyring-등록법","NO_PUBKEY apt 에러 복구 런북 — signed-by keyring 등록법","보안","index","2","0","공식 있음(본문)",""
"698","금융권-클라우드-도입-4단계-망분리-예외csp평가금감원-사전보고-가이드2026","금융권 클라우드 도입 4단계: 망분리 예외·CSP평가·금감원 사전보고 가이드(2026)","보안","index","2","0","공식 있음(본문)",""
"604","2026-전자금융감독규정-클라우드-망분리-예외-적용-실무-가이드","2026 전자금융감독규정 클라우드 망분리 예외 적용 실무 가이드","보안","index","2","0","공식 있음(본문)",""